Ano,mes,station,dist_km,viento_util_kmh,tiempo_horas,SO2_mean,RAINF_mean,RAINF_std,WSR_mean,WSR_std,WDR_mean,WDR_std
2021,8,SE3,-1.5886657919031368,-2.1439240796622214,-0.27700164146963696,0.0374,0.0002,0.0007,0.495,0.5524,119.2407,63.9724
2021,5,SE3,-1.5886657919031368,-1.5569694548637352,-0.27128384190723664,0.0637,0.0004,0.0045,0.625,0.5605,113.7726,63.5627
2021,6,SE3,-1.5886657919031368,-1.5468483211985715,-0.27111511553147444,-0.1623,0.0077,0.1212,0.3545,0.5341,142.0592,80.0158
2021,7,SE3,-1.5886657919031368,-1.5364104361313573,-0.2709367931634361,-0.182,0.0005,0.0011,0.3428,0.4518,130.6111,75.0675
2021,9,SE3,-1.5886657919031368,-1.5270867944806312,-0.2707736662861736,0.0118,0.0011,0.0123,0.3628,0.5608,132.1215,75.9028
2021,1,NE3,-0.5783856921550802,-1.2767400635558326,-0.22757767772425588,0.1852,0.0198,0.092,-0.3875,0.6119,231.5097,91.4721
2021,12,NE3,-0.5783856921550802,-1.249608048230857,-0.2246901414091419,1.105,0.0199,0.2415,-0.8023,0.5159,229.645,89.558
2021,12,SE2,-1.6892496214918382,-1.220739889395975,-0.26618306435905253,-0.0829,0.0,0.0,-0.5368,0.3284,204.8405,81.7614
2021,1,SE2,-1.6892496214918382,-1.2068312733189863,-0.26565126111386655,1.3019,0.0313,0.0463,-0.2459,0.4691,211.3193,72.2235
2021,12,NE2,-0.4148990833044134,-1.1908415371827932,-0.21030777642427662,0.2113,0.0,0.0009,1.5917,4.3965,213.4334,101.8529
2021,1,NE2,-0.4148990833044134,-1.1621749770082896,-0.20558160155627422,2.4479,0.021,0.0938,-0.1671,0.3108,211.1068,78.0196
2021,4,SE3,-1.5886657919031368,-1.1286887521003872,-0.2570565773772315,-0.2914,0.003,0.0241,0.7336,0.9042,129.2047,76.5614
2021,10,SE3,-1.5886657919031368,-1.117424694691684,-0.25628121754015076,-0.1241,0.0001,0.0009,-0.018,0.4043,165.8518,95.8695
2021,12,NE,-0.2673918945266504,-1.0929219988851058,-0.1833246096365422,0.2937,0.0,0.0001,-0.5429,0.5454,177.4522,118.573
2021,3,SE3,-1.5886657919031368,-1.0906262069316164,-0.25425330894877807,0.5694,0.0001,0.0008,-0.3642,0.7313,157.7872,88.7193
2021,12,NTE,0.45970547207493195,-1.0855697177202026,-0.14144752936154142,-0.1764,0.0,0.0,-0.7044,0.403,210.1404,117.7883
2021,1,NE,-0.2673918945266504,-1.0342652456606931,-0.16502624456242293,0.5884,0.0,0.0,-0.1073,0.3112,199.7219,19.2372
2021,1,NTE,0.45970547207493195,-1.0252166165987862,-0.11413021236444708,0.193,0.0002,0.0001,-0.0324,0.1173,99.4542,9.585
2021,12,NTE2,0.03693807917734043,-1.0204372299038926,-0.13954052733867123,1.0543,0.0004,0.0053,-0.5605,0.7029,138.506,118.8447
2021,12,NO,0.5749922000494433,-1.0193692053597416,-0.10325369249848639,1.1573,0.0003,0.0021,-0.291,0.4386,227.0978,125.4448
2021,12,SE,-0.6629767945313897,-0.9642752749431285,-0.16421169053225887,-0.2154,0.0039,0.0326,-0.4823,0.3163,214.6677,80.0464
2021,12,NO2,2.2472989035085678,-0.9568746259872843,0.08145312394941907,-0.3495,0.0,0.0003,-0.3636,0.3901,202.6057,108.5719
2021,1,NTE2,0.03693807917734043,-0.9470672734322364,-0.09491671938762003,0.6145,0.0006,0.0027,-0.4807,0.7054,128.9032,100.5599
2021,1,NO,0.5749922000494433,-0.9458117475536818,-0.04708229330495595,3.8022,-0.0001,0.0021,-0.3525,0.6572,199.9065,98.2605
2021,12,CE,0.06864998179780546,-0.9169930593396673,-0.06445603203413271,0.5539,0.0,0.0004,-0.5478,0.3832,206.1158,93.5004
2021,1,SE,-0.6629767945313897,-0.881975476090828,-0.1071220743712077,1.1135,0.0004,0.0215,-0.1307,0.6267,175.5697,44.4554
2021,1,NO2,2.2472989035085678,-0.8735282807785654,0.2654951768740797,4.6606,0.0,0.0003,-0.504,0.4875,28.9298,29.034
2021,12,SO,0.9919692931725439,-0.8702775015988282,0.11654264813146008,-0.0929,0.1888,3.3244,-0.6818,0.2925,242.7507,85.4311
2021,12,SO2,0.6242767396988391,-0.8690931434951056,0.07229378426788768,0.5112,0.0005,0.0069,-0.4033,0.4364,187.8413,56.076
2021,11,SE3,-1.5886657919031368,-0.8388469904181786,-0.19480676661719515,-0.4289,0.0,0.0002,-0.134,0.5272,193.126,104.6209
2021,1,SE3,-1.5886657921181695,-0.8346743031608789,-0.19183955892196888,1.1937,0.0012,0.0058,-0.6678,0.1976,225.5555,100.3224
2021,2,SUR,-0.5309476282241541,-0.8310628748487976,-0.01158662898196588,-0.1173,0.0001,0.0003,-0.5453,0.175,227.833,16.3695
2021,1,CE,0.06864998179780546,-0.8284706898536844,0.09706509991807828,0.4751,-0.0003,0.005,-0.5939,0.4634,172.6645,94.9019
2021,12,SUR,-0.5309476282241541,-0.8232128441945389,0.0069724749723582705,0.081,0.0,0.0001,-0.1462,0.4059,214.7117,86.5614
2021,2,SO2,0.6242767396988391,-0.8188168486248234,0.23371641227412066,0.0215,0.0006,0.0037,-0.6474,0.523,128.7558,55.7088
2021,2,SO,0.9919692931725439,-0.8184848753202247,0.3039707473530712,0.6813,1.9584,10.4077,0.1179,0.6903,43.5515,36.9571
2021,2,CE,0.06864998179780546,-0.8047168240659734,0.1904369499389212,0.2557,0.0003,0.0011,-0.3976,0.5055,141.7204,97.3319
2021,2,NO2,2.2472989035085678,-0.7918498358539107,0.7985000057157908,4.5925,0.0001,0.0004,-0.497,0.4759,36.8189,33.1124
2021,2,SE,-0.6629767945313897,-0.7893395562277269,0.09440907411820514,1.1033,0.0016,0.0105,0.2669,0.7415,176.2964,57.3413
2021,1,SO,0.9919692931725439,-0.7766072352479008,0.6607784920058788,0.4549,-0.0002,0.003,-0.0282,0.6977,40.6055,33.919
2021,1,SO2,0.6242767396988391,-0.7753043539222861,0.5665213305912873,-0.0407,0.0007,0.0041,-0.8243,0.3295,154.1364,66.5492
2021,11,NE3,-0.5783856921550802,-0.7706100113622759,0.2347853562515651,0.258,0.0375,0.2585,-0.672,0.597,208.9739,96.9489
2021,2,NO,0.5749922000494433,-0.7692963701959946,0.6327338096671299,2.3175,0.0001,0.001,-0.1367,0.6664,172.658,86.291
2021,2,NTE2,0.03693807917734043,-0.7688821388268574,0.45721566293859944,-0.2654,0.0007,0.0033,-0.2962,0.6676,98.7781,70.2093
2021,2,NTE,0.45970547207493195,-0.7413662322038382,1.3181700541543637,0.1381,0.0003,0.0001,-0.0879,0.2911,97.7238,13.6431
2021,2,NE,-0.2673918945266504,-0.7379367853274141,1.003749771688264,0.3333,0.0001,0.0003,-0.1267,0.339,200.2221,23.6888
2021,12,SE3,-1.5886657919031368,-0.7289641432971355,0.2672396669353596,-0.2752,0.0003,0.0045,-0.2235,0.4171,221.3162,106.728
2021,1,SUR,-0.5309476282241541,-0.7252636732166676,1.613798100203727,-0.0071,0.0001,0.0003,-0.5874,0.1333,230.1904,11.6854
2021,11,SE2,-1.6892496214918382,-0.7184709640071427,0.603907587713729,-0.4222,0.0,0.0,-0.4655,0.395,128.0795,63.1579
2021,11,NE2,-0.4148990833044134,-0.6986515079727958,1.7744623749497495,-0.0351,0.0404,0.4407,2.4086,3.6087,205.6506,100.025
2021,10,NE3,-0.5783856921550802,-0.6849915912925264,0.4460704561872477,-0.1711,0.4144,3.4485,-0.681,0.5009,162.636,88.9369
2021,2,NE2,-0.4148990833044134,-0.6817222609736608,0.419051662722754,2.088,0.0062,0.0568,-0.2703,0.265,178.5545,79.7692
2021,2,SE2,-1.6892496214918382,-0.656577920368602,-0.18894618058075938,1.2173,0.0332,0.0403,0.004,0.5763,182.997,72.7443
2021,11,NE,-0.2673918945266504,-0.6563371792445946,0.09917663026466404,-0.2587,0.0,0.0001,-0.3554,0.6036,164.5651,119.625
2021,11,NTE,0.45970547207493195,-0.6538442536921452,0.22200413857121915,-0.7164,0.0,0.0,-0.526,0.5627,176.8573,116.5195
2021,11,NTE2,0.03693807917734043,-0.6342368482063347,0.0262429851660461,-0.0615,0.0055,0.0781,-0.4237,0.7245,105.3897,107.7189
2021,11,NO,0.5749922000494433,-0.63394729236031,0.10095284238337285,0.3271,0.2255,1.953,-0.1797,0.5417,198.8238,106.2459
2021,11,SE,-0.6629767945313897,-0.6201560539318786,-0.10718167234797589,-0.4425,0.0106,0.0901,-0.4036,0.4787,174.427,85.7039
2021,11,NO2,2.2472989035085678,-0.6184609278464525,0.22868164058388715,-0.4907,0.0,0.0003,-0.3732,0.3685,153.0667,103.2041
2021,11,CE,0.06864998179780546,-0.6098972682447787,-0.04811073503708193,-0.2108,0.0,0.0002,-0.5271,0.4635,157.05,99.8043
2021,11,SO,0.9919692931725439,-0.6009933923597005,0.0220249105489667,-0.2857,3.3241,13.554,-0.4957,0.363,56.9485,76.4686
2021,11,SO2,0.6242767396988391,-0.6007824251440974,-0.014341539123599511,0.0099,0.0048,0.0554,-0.3346,0.4901,153.6619,59.4173
2021,2,NE3,-0.5783856921550802,-0.5941282500704731,-0.14034369555312506,-0.1149,0.0083,0.0364,-0.2372,0.6645,190.792,92.2141
2021,11,SUR,-0.5309476282241541,-0.5931408280961634,-0.13729065863514256,-0.1206,0.0,0.0001,-0.0456,0.391,209.6787,89.7441
2021,2,SE3,-1.5886657919031368,-0.5538713305580542,-0.2465746785016601,1.4984,0.0004,0.002,-0.5771,0.244,180.5134,100.4206
2021,10,SE2,-1.6892496214918382,-0.5307047759479058,-0.2575510482477567,0.1139,0.1677,1.848,-0.3607,0.3836,159.6018,60.7458
2021,10,NE2,-0.4148990833044134,-0.4798680949977959,-0.2056577356839558,0.0404,0.5379,5.2256,-0.1008,0.5599,157.6246,69.3657
2021,10,NE,-0.2673918945266504,-0.38540291373500213,-0.22426102468471248,0.496,0.0,0.0001,-0.1678,0.6207,125.9347,94.2922
2021,10,NTE,0.45970547207493195,-0.3804911574535394,-0.20210886740939638,-0.489,0.0,0.0,-0.3266,0.5579,157.3125,105.3872
2021,10,NTE2,0.03693807917734043,-0.34487459682624555,-0.22237432297002127,-0.2296,0.0126,0.1254,-0.3514,0.6169,108.9261,97.7993
2021,10,NO,0.5749922000494433,-0.34439244743111497,-0.20708426427966184,0.4556,0.0001,0.0009,-0.0456,0.5621,139.5878,110.2976
2021,10,SE,-0.6629767945313897,-0.32317225366212027,-0.2448208601470254,0.3171,0.0337,0.2116,-0.2563,0.4765,162.6013,83.0832
2021,10,NO2,2.2472989035085678,-0.32082360136051147,-0.16698164361965329,-0.0581,0.0722,1.2711,-0.2771,0.4254,143.4354,96.0635
2021,10,CE,0.06864998179780546,-0.30998786039880927,-0.22706790492769136,0.2554,0.0,0.0002,-0.3656,0.4698,139.168,100.3205
2021,10,SO,0.9919692931725439,-0.3008885938959764,-0.20481203527665526,0.1105,3.2182,13.3453,-0.391,0.324,120.1458,88.3214
2021,10,SO2,0.6242767396988391,-0.30070498171180576,-0.21422586559671844,-0.0622,0.0148,0.1123,1.8805,4.7916,147.1652,58.2413
2021,10,SUR,-0.5309476282241541,-0.2952846873547537,-0.24423524619416354,-0.408,0.0,0.0001,0.0457,0.3879,186.1696,71.3999
2021,3,SUR,-0.5309476282241541,-0.1224704597227226,-0.2563598640290799,-0.6426,0.0,0.0001,-0.5456,0.3059,225.6858,13.762
2021,4,SUR,-0.5309476282241541,-0.0744698041637779,-0.2585527525766725,-1.0573,0.0,0.0001,0.8574,0.7739,166.7628,68.0563
2021,3,SO2,0.6242767396988391,-0.06124535557761518,-0.24055493386439072,0.0952,0.0,0.0003,0.1128,0.4348,110.0691,48.522
2021,3,SO,0.9919692931725439,-0.05970905499884767,-0.23477246401160942,-0.3527,0.0,0.0,0.4501,0.8372,59.205,55.4623
2021,4,SO2,0.6242767396988391,-0.010517266630944324,-0.2438101698512128,-0.2265,0.0016,0.0105,0.1718,0.4634,95.165,38.6711
2021,4,SO,0.9919692931725439,-0.00891477900923926,-0.2384449452391853,-0.4441,0.5859,5.8335,0.0419,0.4776,147.4137,65.3115
2021,3,CE,0.06864998179780546,-0.0009887780707694858,-0.25252812656139006,1.0265,0.0,0.0002,-0.2283,0.6389,115.0554,88.0328
2021,3,NO2,2.2472989035085678,0.04604020433515454,-0.2245782022160939,1.9951,0.0,0.0002,-0.273,0.4356,65.9929,61.938
2021,4,CE,0.06864998179780546,0.05223687371320987,-0.25482261790928346,-0.1787,0.0,0.0003,0.216,0.5741,99.5712,79.7239
2021,3,SE,-0.6629767945313897,0.05442556243366876,-0.2648717202041958,-0.7014,0.0011,0.0115,0.6336,0.9887,139.5431,81.1514
2021,4,NO2,2.2472989035085678,0.10104534169502594,-0.2287078034908743,-0.3279,0.0,0.0002,0.2505,0.5887,121.275,70.3291
2021,3,NE3,-0.5783856921550802,0.1034911517634093,-0.2650242667273433,-0.1727,0.0023,0.0258,0.0046,0.846,162.9817,88.4934
2021,4,SE,-0.6629767945313897,0.10972828290163748,-0.2662526692227686,-0.4815,0.0069,0.032,-0.0989,0.4269,101.1188,64.2395
2021,3,NO,0.5749922000494433,0.11307357350625588,-0.2506792080117792,-0.1598,0.0001,0.0011,0.2024,0.9076,147.3774,84.1171
2021,3,NTE2,0.03693807917734043,0.11413893696078779,-0.2575176010204934,-0.7467,0.0001,0.0005,-0.0825,0.7235,95.9276,63.8676
2021,4,NE3,-0.5783856921550802,0.14407387503186644,-0.2659895025203225,0.0954,0.092,0.9698,0.0788,0.7541,140.225,72.0012
2021,4,NO,0.5749922000494433,0.17023092446161286,-0.25293234321684605,0.0909,0.0001,0.0014,0.5648,0.9026,133.3348,74.6597
2021,4,NTE2,0.03693807917734043,0.17132540567573734,-0.2593240660651653,-1.3759,0.0013,0.0119,0.2801,0.7466,84.1874,61.3409
2021,3,NTE,0.45970547207493195,0.17282808094004665,-0.25438634758456063,3.6702,0.0008,0.0008,-0.0002,0.388,74.0629,51.7307
2021,3,NE,-0.2673918945266504,0.17855198972507336,-0.26309890019675863,1.5317,0.0003,0.0028,0.439,0.42,199.9876,21.6062
2021,3,SE2,-1.6892496214918382,0.21749391452994785,-0.27997912819185605,0.2804,0.0613,0.1089,0.0934,0.6834,158.5902,71.0051
2021,3,NE2,-0.4148990833044134,0.22541767106453933,-0.26585337957616156,0.4964,0.0038,0.0331,-0.284,0.2995,148.5543,64.7038
2021,4,NTE,0.45970547207493195,0.2311903508283293,-0.25630706625457145,-0.9129,0.0,0.0,0.2685,0.7982,137.9425,57.9437
2021,4,NE,-0.2673918945266504,0.23696092391700108,-0.26447056360792814,-0.2678,0.0,0.0006,0.4204,0.752,114.1317,64.3
2021,4,SE2,-1.6892496214918382,0.2709290370103168,-0.2802684890704416,-0.2654,0.026,0.1287,0.2162,0.6797,141.6615,58.6416
2021,4,NE2,-0.4148990833044134,0.28164312448286233,-0.2669575382588772,0.1851,0.0694,0.731,0.1823,0.7209,134.6611,50.3894
2021,9,NE3,-0.5783856921550802,0.35123296015741906,-0.26976365521160117,-0.3253,0.145,2.1995,-0.3243,0.7203,138.5976,72.4125
2021,9,SUR,-0.5309476282241541,0.37292057384305705,-0.26961958933994884,-0.3095,0.0001,0.0003,0.3406,0.5888,217.8788,66.6441
2021,9,SO2,0.6242767396988391,0.4471589376429159,-0.2602473408182021,0.1277,0.0033,0.0286,2.3095,2.6291,110.711,48.937
2021,7,SUR,-0.5309476282241541,0.44716238486130166,-0.2706263793950875,-0.6132,0.0001,0.0003,0.4143,0.5974,189.9115,60.4946
2021,9,SO,0.9919692931725439,0.4489837044857385,-0.2569885528039584,0.5494,9.5614,21.6729,-0.0229,0.3767,136.6481,52.9115
2021,6,SUR,-0.5309476282241541,0.5062712646108342,-0.27133988406095433,-0.6161,0.0,0.0001,0.6953,0.7996,169.5452,63.7972
2021,5,SUR,-0.5309476282241541,0.5118246324459045,-0.27140336380296476,-0.6708,0.0,0.0001,0.9517,0.7751,168.0536,71.5896
2021,9,CE,0.06864998179780546,0.5170651620254564,-0.266383255843638,0.582,0.0004,0.0013,-0.0335,0.553,107.9844,82.9392
2021,7,SO2,0.6242767396988391,0.5428047630821771,-0.2621621554380913,-0.0542,0.0009,0.0071,6.8559,5.0961,105.2083,43.8389
2021,7,SO,0.9919692931725439,0.5451799787872995,-0.25916099592601005,0.075,0.3779,4.6937,-0.0626,0.4299,142.0561,63.9763
2021,9,NO2,2.2472989035085678,0.5687537945914936,-0.2494396196107045,0.21,0.001,0.0013,0.0936,0.3951,110.847,35.5967
2021,9,SE,-0.6629767945313897,0.5776367781984831,-0.27317964003983974,0.6163,0.26,1.9848,-0.0924,0.4649,130.2266,72.366
2021,7,NE3,-0.5783856921550802,0.6082712093969385,-0.2727943761491295,3.547,0.0576,0.3507,-0.2497,0.6036,133.7595,65.3043
2021,6,SO2,0.6242767396988391,0.6179091525775234,-0.2634720227512393,-0.0236,0.0059,0.0456,2.7041,4.0294,105.5603,48.4667
2021,6,SO,0.9919692931725439,0.620695354152289,-0.26064590758193856,0.082,0.3914,4.771,0.0801,0.4594,144.368,64.788
2021,9,SE2,-1.6892496214918382,0.6209325785686269,-0.2815881959624299,0.5459,0.0667,0.7859,0.0058,0.624,139.2816,50.5093
2021,5,SO2,0.6242767396988391,0.6217949210821176,-0.2635357657361741,0.1244,0.0008,0.0084,0.3195,0.4728,92.5068,42.77
2021,5,SO,0.9919692931725439,0.6245370734499502,-0.2607169493291482,0.1184,0.1899,3.3243,0.1562,0.4765,137.9345,56.4938
2021,7,CE,0.06864998179780546,0.6348849813930243,-0.2680416241302003,-0.5271,0.0001,0.0031,-0.0388,0.491,100.5183,76.5965
2021,9,NO,0.5749922000494433,0.6359315402475153,-0.2641451252800115,0.4553,0.0018,0.0052,0.2602,0.6826,148.1051,84.6092
2021,9,NTE2,0.03693807917734043,0.6369131676154426,-0.26831232428436486,-2.1953,0.0139,0.1814,0.085,0.6297,89.9093,66.524
2021,9,NE2,-0.4148990833044134,0.6717591963206371,-0.2721393551841679,0.6986,0.3882,4.6865,0.2182,0.5872,133.2859,56.1192
2021,9,NTE,0.45970547207493195,0.6837469356264357,-0.26573107123670703,-0.3887,0.0,0.0,0.1936,0.8112,139.658,72.1689
2021,9,NE,-0.2673918945266504,0.6871644498430599,-0.27118728696908373,1.0286,0.0,0.0001,0.2486,0.7188,116.1925,71.5477
2021,7,NO2,2.2472989035085678,0.7048880930840481,-0.2528939846391901,-0.0568,0.0,0.0002,0.0329,0.4895,110.8782,61.4002
2021,7,SE,-0.6629767945313897,0.7171535575603439,-0.2743644026999818,0.1305,0.5822,3.1821,-0.2878,0.4099,112.5809,77.4978
2021,6,CE,0.06864998179780546,0.7265294301562533,-0.26914313800325873,-0.6834,0.0001,0.0005,0.1893,0.6359,95.2524,77.1824
2021,5,CE,0.06864998179780546,0.7285911247111702,-0.2691663013965259,-0.7341,0.0,0.0002,0.3507,0.5921,88.4907,72.7268
2021,5,NE3,-0.5783856921550802,0.7833733599459856,-0.2742605290011114,-0.2406,0.1447,1.0466,0.1743,0.762,124.5599,64.5163
2021,7,NO,0.5749922000494433,0.8004515882199114,-0.26645075085529407,0.2192,0.0001,0.0011,0.5553,1.2149,118.7075,68.0946
2021,6,NE3,-0.5783856921550802,0.8010961735649142,-0.2743899562269183,-0.3536,0.1409,0.9591,-0.1703,0.7867,121.8839,63.0624
2021,7,NTE2,0.03693807917734043,0.8019145533581343,-0.2701669020422388,-2.7401,0.0009,0.0068,0.0924,0.5888,85.2963,65.9718
2021,6,NO2,2.2472989035085678,0.8101670389476378,-0.25514045125751017,-0.2204,0.0,0.0002,0.14,0.5624,111.2917,69.4037
2021,5,NO2,2.2472989035085678,0.8106387926959372,-0.25514981640654016,-0.4111,0.0,0.0002,-0.2528,0.5913,182.7785,131.6202
2021,6,SE,-0.6629767945313897,0.8249477200387577,-0.2751320487959479,-0.0852,0.4493,2.5682,-0.2004,0.418,108.117,72.6362
2021,5,SE,-0.6629767945313897,0.8251166897310263,-0.2751331673285075,-0.0998,1.4971,4.8322,-0.0066,0.3925,107.0303,70.4945
2021,7,SE2,-1.6892496214918382,0.8716728413047538,-0.2821739565110452,0.134,0.029,0.3631,0.1408,0.5732,124.3,43.4113
2021,7,NTE,0.45970547207493195,0.8778070138207886,-0.2681238255319429,-0.5522,0.0,0.0,0.2532,0.8367,132.2061,69.4426
2021,7,NE,-0.2673918945266504,0.8844623757113874,-0.2729335621509066,-0.0244,0.0,0.0001,0.2711,0.7139,121.7018,79.044
2021,7,NE2,-0.4148990833044134,0.9107991999170919,-0.27408001924428765,0.324,0.0497,0.5678,0.2456,0.5712,130.0464,55.6496
2021,5,NO,0.5749922000494433,0.9246350052226238,-0.26788323586057255,0.382,0.0001,0.0009,1.3494,1.1344,100.7571,72.6002
2021,5,NTE2,0.03693807917734043,0.9264076698504111,-0.2713182460434715,-2.4659,0.0045,0.039,0.432,0.6686,80.1894,57.5935
2021,6,NO,0.5749922000494433,0.9268057314631741,-0.2679063397166049,0.4611,0.0001,0.001,0.3057,0.9144,91.6155,81.1912
2021,6,NTE2,0.03693807917734043,0.9286253748461133,-0.27133716748833,-2.4297,0.0118,0.1016,0.1935,0.6991,95.4913,75.7647
2021,5,NTE,0.45970547207493195,1.0207708973360492,-0.26954280959840554,-0.7304,0.0,0.0,0.6102,0.8656,131.0157,54.4419
2021,6,NTE,0.45970547207493195,1.0259959735487485,-0.269590237414772,-0.6379,0.0,0.0,0.4499,0.9287,148.1296,74.125
2021,5,NE,-0.2673918945266504,1.0294516026374716,-0.27396395956295444,-0.8845,0.0,0.0001,0.5956,0.7307,114.5315,70.5972
2021,6,NE,-0.2673918945266504,1.0350365863468869,-0.27400022063326823,-0.8765,0.0,0.0001,0.3899,0.7384,114.921,70.8486
2021,5,SE2,-1.6892496214918382,1.0478610838616704,-0.2824854449539974,-0.0336,0.2,2.0013,0.4315,0.6723,132.6122,43.9284
2021,6,SE2,-1.6892496214918382,1.0610762801246838,-0.2825063063310825,-0.1101,0.04,0.3902,0.1603,0.6526,133.9411,50.1697
2021,5,NE2,-0.4148990833044134,1.080817593209878,-0.27514458679919024,-0.0682,0.1195,0.9491,0.4792,0.5954,131.0514,50.1012
2021,6,NE2,-0.4148990833044134,1.0918617790261704,-0.2752067810098951,0.0826,0.1657,1.4308,0.2612,0.5483,130.0111,55.5433
2021,8,SUR,-0.5309476282241541,1.2627052998215758,-0.2766910779970458,-0.4385,0.0,0.0002,0.6435,0.7365,195.97,58.6444
2021,8,SO2,0.6242767396988391,1.4182765538359527,-0.2716820066347517,0.129,0.0008,0.0063,3.5896,4.6762,90.1699,26.9377
2021,8,SO,0.9919692931725439,1.4221306169800023,-0.2699155333947079,0.4103,2.8328,12.58,0.1128,0.4056,127.5501,32.4979
2021,8,NE3,-0.5783856921550802,1.4513964132430635,-0.2776694832776329,-0.5722,0.1032,1.3494,0.1033,0.7478,129.9449,56.1714
2021,8,CE,0.06864998179780546,1.5672700762379455,-0.2751063276693901,0.2499,0.0,0.0004,0.1899,0.5205,80.6222,56.7591
2021,8,NO2,2.2472989035085678,1.6798125647012927,-0.2661188505049404,0.0715,0.0,0.0002,0.2494,0.5221,98.5008,33.1774
2021,8,SE,-0.6629767945313897,1.6994447188704747,-0.27881809597289503,0.3615,0.0047,0.0223,-0.0862,0.4419,95.5275,51.6269
2021,8,NO,0.5749922000494433,1.8317559729354154,-0.27409716927867633,0.3754,0.0003,0.0021,0.8324,0.8707,111.9703,66.1771
2021,8,NTE2,0.03693807917734043,1.8340586578259077,-0.27630342834239885,-2.7289,0.0055,0.0543,0.329,0.6162,77.8289,43.2743
2021,8,SE2,-1.6892496214918382,1.9124648638802402,-0.2834067654489859,0.4787,0.0323,0.5141,0.2287,0.6343,137.5532,51.479
2021,8,NTE,0.45970547207493195,1.951467824022525,-0.2750503042171761,-0.4269,0.0,0.0,0.5339,0.8668,128.921,48.66
2021,8,NE,-0.2673918945266504,1.9614192168643398,-0.2779145459726793,0.8382,0.0,0.0001,0.5049,0.7518,113.8164,60.0508
2021,8,NE2,-0.4148990833044134,1.9863352869222362,-0.27855068009368755,1.1252,0.0558,0.8146,0.4094,0.5658,127.8051,46.8128
2022,7,SE3,-1.5886657919031368,-2.5728685998046963,-0.27890457194284735,1.877,0.0,0.0002,1.0891,0.6877,107.6324,37.3362
2022,6,SE3,-1.5886657919031368,-2.4516873438224733,-0.27846183115666,0.7975,0.0,0.0002,1.0195,0.7855,110.7635,41.4693
2022,8,SE3,-1.5886657919031368,-1.6526732248670515,-0.27270066831932294,0.503,0.0002,0.0023,0.7132,0.6963,120.4547,71.3315
2022,5,SE3,-1.5886657919031368,-1.5353199765470353,-0.27091790417179934,1.5705,0.0,0.0002,0.7847,0.6549,97.7453,53.0288
2022,4,SE3,-1.5886657919031368,-1.5338347753379573,-0.27089209725391555,0.4703,0.0001,0.0005,0.5739,0.6565,117.4939,70.3661
2022,1,NE2,-0.4148990833044134,-1.3645309843424809,-0.23012477792951141,-0.034,0.0004,0.0025,-0.1737,0.7508,225.7434,103.0395
2022,1,SE2,-1.6892496214918382,-1.3625501123234829,-0.27031638843480693,0.1079,0.0,0.0,-0.2879,0.5614,203.5065,82.8933
2022,1,NE,-0.2673918945266504,-1.323723793440393,-0.22150698054733414,0.3165,0.0,0.0002,-0.3245,0.5726,171.1292,112.7534
2022,1,NTE,0.45970547207493195,-1.319227630068097,-0.19638067879733503,0.4218,0.0,0.0,-0.5661,0.5846,181.8583,120.1216
2022,1,NE3,-0.5783856921550802,-1.291561400877135,-0.22904175190128293,0.6274,0.0329,0.1229,-0.64,0.7888,236.6742,92.6508
2022,1,NTE2,0.03693807917734043,-1.2742125470878354,-0.2047958773202976,1.3233,0.0016,0.0067,-0.2909,0.8027,121.2124,111.4872
2022,1,NO,0.5749922000494433,-1.2734075064875066,-0.18495742135014615,1.3608,0.0025,0.0342,-0.1757,0.4896,204.9159,110.9956
2022,1,SE,-0.6629767945313897,-1.2294820232241719,-0.22571618056174342,0.1846,0.002,0.0096,-0.3092,0.4902,181.4484,95.688
2022,1,NO2,2.2472989035085678,-1.223252115971909,-0.10793821899593567,0.013,0.0,0.0001,-0.1668,0.4549,177.8342,106.3321
2022,1,CE,0.06864998179780546,-1.188483928262433,-0.18908501602824979,1.0583,0.0002,0.0009,-0.3451,0.432,150.4882,101.1292
2022,9,SE3,-1.5886657919031368,-1.1756216838188078,-0.2598856116677148,0.1945,0.0,0.0002,0.152,0.4138,149.2936,86.27
2022,1,SO,0.9919692931725439,-1.145398611182521,-0.1358814668419672,0.2584,1.8881,10.3583,-0.4904,0.3502,191.784,84.642
2022,1,SO2,0.6242767396988391,-1.1442753774024852,-0.15296072655475873,1.6533,0.0012,0.0052,-0.1836,0.4875,154.5516,65.0839
2022,12,NE3,-0.5783856921550802,-1.124016940315784,-0.20642375189048548,-0.3353,0.0168,0.0597,-0.5168,0.6472,188.2104,85.0385
2022,1,SUR,-0.5309476282241541,-1.0996516018265898,-0.19901563659632074,0.3817,0.0,0.0002,-0.143,0.4833,206.3465,89.5136
2022,12,SE2,-1.6892496214918382,-1.0564075262296886,-0.25719120832096526,-0.3409,0.0,0.0,-0.435,0.4787,151.2346,75.5676
2022,12,NE2,-0.4148990833044134,-1.0182199278460513,-0.16866510353843578,0.135,0.0002,0.002,-0.1987,0.8382,193.2044,102.3113
2022,3,SE3,-1.5886657919031368,-1.015372189511203,-0.24667131598581682,0.3558,0.0002,0.0008,0.4142,0.7174,156.4186,93.4562
2022,10,SE3,-1.5886657919031368,-0.9762237445549192,-0.24104817140243112,0.346,0.0002,0.0008,0.0143,0.4479,191.7265,98.5179
2022,12,NE,-0.2673918945266504,-0.9141977346718233,-0.09519166061267718,-0.478,0.0,0.0001,-0.4714,0.64,155.6051,104.9329
2022,12,NTE,0.45970547207493195,-0.9070245211419303,-0.012774147988520352,-0.2494,0.0,0.0,-0.6219,0.5422,24.3813,11.9775
2022,12,NTE2,0.03693807917734043,-0.8457853291693831,0.044454006989841095,-0.0886,0.0,0.0003,-0.6565,0.8324,111.8641,109.2389
2022,12,NO,0.5749922000494433,-0.8448109131893485,0.12805961293251467,-0.0094,0.0001,0.0011,-0.2829,0.6979,198.6934,103.9087
2022,12,SE3,-1.5886657919031368,-0.8440263729275512,-0.19823764190864673,-0.2219,0.0,0.0002,-0.0889,0.5618,208.9195,97.0476
2022,11,NE3,-0.5783856921550802,-0.8280787832917178,-0.01297496659071341,0.5097,0.0415,0.2064,-0.3632,0.8051,211.0854,97.6711
2022,12,NO3,1.2693237154743031,-0.8042610473537688,0.44998107743016297,-0.6271,0.0,0.0,0.6692,3.623,165.1161,115.0667
2022,11,SE2,-1.6892496214918382,-0.8025857832053259,-0.18225893555171505,-0.2749,0.0,0.0,-0.312,0.5576,151.3293,90.7229
2022,12,SE,-0.6629767945313897,-0.7956126390716479,0.0673934646984848,-0.2554,0.0011,0.0079,-0.419,0.4668,179.7068,85.0358
2022,11,NE2,-0.4148990833044134,-0.7895464340739738,0.15614395959284114,-0.1179,0.0001,0.0016,0.0308,0.7819,205.3147,111.5962
2022,12,NO2,2.2472989035085678,-0.7891505588740324,0.8343059676358996,-0.5218,0.0,0.0002,-0.3261,0.5154,159.975,107.3393
2022,11,SE3,-1.5886657919031368,-0.7626284844867617,-0.06984219453669782,-0.1588,0.0,0.0002,0.1836,0.5969,191.0902,99.8627
2022,11,NE,-0.2673918945266504,-0.7556758326928489,0.5296163966885273,-0.6137,0.0,0.0001,-0.1447,0.6462,117.5152,87.3333
2022,12,CE,0.06864998179780546,-0.7548589209232371,0.6907107688352511,0.0174,0.0,0.0002,-0.4299,0.5109,170.7167,102.9963
2022,11,NTE,0.45970547207493195,-0.7534001786337859,0.898253581585678,0.3767,0.0,0.0,-0.3158,0.7138,21.6532,16.3083
2022,11,NTE2,0.03693807917734043,-0.734208995210117,1.4192576020020036,0.2633,0.0003,0.0022,-0.2938,0.78,90.8812,92.9172
2022,11,NO,0.5749922000494433,-0.7339067993133829,1.8606364755048004,-0.4294,0.0007,0.0034,-0.0361,0.8235,169.6492,105.4533
2022,2,NTE2,0.03693807917734043,-0.7329875240797953,1.5007819893830736,0.7188,0.0012,0.0143,0.0449,0.8644,92.5209,95.6713
2022,2,NO,0.5749922000494433,-0.7329865162352204,1.9379666924016365,0.5969,0.0834,0.4857,-0.007,0.7144,179.6665,106.1267
2022,2,SE,-0.6629767945313897,-0.7327515912142802,0.9435469337973044,-0.0196,0.0039,0.0235,-0.0554,0.605,164.1179,88.8331
2022,2,NTE,0.45970547207493195,-0.7327377151041903,1.8652594345521964,0.2763,0.0,0.0,-0.2185,0.622,30.926,17.3125
2022,2,NO2,2.2472989035085678,-0.7326948939578712,3.3379197589495475,-0.0891,0.0,0.0003,-0.0525,0.5894,141.4429,88.9331
2022,2,NE,-0.2673918945266504,-0.7326648633390556,1.2732451575573625,0.2459,0.0,0.0001,0.021,0.6628,131.1686,87.3547
2022,2,CE,0.06864998179780546,-0.7322981266455072,1.576808921188079,0.6233,0.0001,0.0008,-0.0974,0.6053,133.333,100.8514
2022,2,SO,0.9919692931725439,-0.7316533510798392,2.4178297797680455,0.1656,1.2551,8.4909,-0.3094,0.4038,172.8043,85.5045
2022,2,SO2,0.6242767396988391,-0.7316346457144949,2.1045110735738337,0.7231,0.001,0.0114,-0.0421,0.5852,132.3151,59.281
2022,2,SUR,-0.5309476282241541,-0.7308252352880604,1.1619856917342308,0.3605,0.0,0.0001,0.2263,0.5186,214.8737,89.4319
2022,2,NE2,-0.4148990833044134,-0.7302392616542279,1.3048387371138281,0.0368,0.0004,0.0025,0.9657,2.3878,186.8967,99.0528
2022,2,SE2,-1.6892496214918382,-0.728396801789942,0.1825859569809344,-0.0176,0.0,0.0,-0.2177,0.5379,124.5296,53.1852
2022,2,NE3,-0.5783856921550802,-0.7213472951825345,2.078110236449131,-0.2887,0.029,0.2151,-0.4386,0.7165,187.6854,90.2725
2022,11,SE,-0.6629767945313897,-0.7187658942743489,2.4621128753850248,-0.4771,0.0124,0.0619,-0.2401,0.5806,168.937,96.9969
2022,11,NO2,2.2472989035085678,-0.7167935959331577,9.503136137864518,-0.1781,0.0,0.0002,-0.0905,0.5331,141.3517,85.0746
2022,12,SO,0.9919692931725439,-0.7157410360041249,7.604847810962376,-0.0343,0.1888,3.3244,-0.5569,0.3501,204.07,93.3948
2022,12,SO2,0.6242767396988391,-0.714763053074169,7.61686841287835,0.3014,0.0,0.0006,-0.2981,0.5149,180.78,66.2178
2022,11,CE,0.06864998179780546,-0.7063883633304299,9.503136137864518,-0.0677,0.0,0.0002,-0.167,0.5275,121.8715,101.7729
2022,10,NE3,-0.5783856921550802,-0.6993412696009195,1.7405191119429835,0.4189,0.0556,0.3141,-0.644,0.5953,176.9215,93.5737
2022,11,SO,0.9919692931725439,-0.6946408307310543,2.268935866422159,-0.3142,1.753,10.002,-0.2585,0.4469,165.6189,79.0231
2022,11,SO2,0.6242767396988391,-0.6943487750205471,1.9208249141006046,0.0705,0.0026,0.0072,0.0216,0.6014,155.2827,59.7268
2022,2,SE3,-1.5886657919031368,-0.6874160823986223,0.011431099918341531,-0.0784,0.0001,0.0004,0.2246,0.6181,170.9355,96.2907
2022,11,SUR,-0.5309476282241541,-0.6832425542709978,0.4135556236658613,-0.2922,0.0,0.0001,-0.164,0.4744,219.7854,94.6175
2022,12,SUR,-0.5309476282241541,-0.6773719616068865,0.27715226671430127,-0.3791,0.0,0.0001,-0.1233,0.4891,209.8278,89.69
2022,10,SE2,-1.6892496214918382,-0.5979399010051394,-0.24052800218209586,0.2438,0.0,0.0,-0.4464,0.392,135.2022,91.7069
2022,10,NE2,-0.4148990833044134,-0.5642804858058496,-0.158713845933983,0.0146,0.0002,0.0023,-0.276,0.6096,173.0404,83.4497
2022,10,NE,-0.2673918945266504,-0.5012184929373005,-0.1899953004586644,-0.3324,0.0,0.0001,-0.2951,0.6171,129.086,84.3822
2022,10,NTE,0.45970547207493195,-0.49791203184457267,-0.15550269290426555,1.5091,0.0,0.0,-0.3832,0.5948,21.3246,9.3802
2022,10,NTE2,0.03693807917734043,-0.4737920310205286,-0.18766835223030368,1.0382,0.0032,0.0137,-0.2312,0.7392,110.2315,93.4103
2022,10,NO,0.5749922000494433,-0.47346324497440534,-0.1639515452693699,-0.3686,0.0002,0.0017,-0.172,0.5904,169.2897,101.4696
2022,1,SE3,-1.5886657919031368,-0.4608512911821034,-0.26117382851455023,-0.1766,0.0,0.0,-0.0511,0.6325,233.5375,92.569
2022,10,SE,-0.6629767945313897,-0.4588943414739163,-0.2227298270422853,-0.514,0.0091,0.038,-0.2853,0.5157,172.1452,88.3759
2022,10,NO2,2.2472989035085678,-0.45726599184053207,-0.10246665814588092,0.3222,0.0001,0.0005,-0.2883,0.4301,137.5434,89.9069
2022,10,CE,0.06864998179780546,-0.44968358041526274,-0.19552138117431922,0.8038,0.0003,0.0011,-0.2268,0.4832,133.092,92.8876
2022,10,SO,0.9919692931725439,-0.4431552654320723,-0.16149837608046747,-0.4101,0.0002,0.0212,-0.3708,0.364,177.6586,86.23
2022,10,SO2,0.6242767396988391,-0.4430205892012232,-0.17598591374678904,0.7005,0.0028,0.0112,-0.163,0.4653,164.1994,53.3393
2022,10,SUR,-0.5309476282241541,-0.43891198031205136,-0.22228387744752348,0.5292,0.0,0.0002,-0.1973,0.5035,183.6908,69.9706
2022,3,NE3,-0.5783856921550802,-0.34898619825392185,-0.23945951742814928,-0.3699,0.0048,0.0166,-0.1753,0.9135,167.8692,90.5583
2022,3,SUR,-0.5309476282241541,-0.3115021821170559,-0.24255421595379179,0.4959,0.0001,0.0003,0.2014,0.7144,199.1345,85.7277
2022,3,SO2,0.6242767396988391,-0.2869072240387423,-0.21655702563452894,0.8248,0.0,0.0004,0.0797,0.585,123.4164,53.3259
2022,3,SO,0.9919692931725439,-0.28630658541647713,-0.20759813546300498,0.439,2.0769,10.8458,-0.1961,0.4482,166.2411,77.2525
2022,3,CE,0.06864998179780546,-0.2640710769746568,-0.23309614055924713,0.6108,0.0001,0.0006,0.0295,0.6372,128.3871,103.5558
2022,3,NO2,2.2472989035085678,-0.247493603976548,-0.18584134350208736,0.1909,0.0001,0.0005,0.1602,0.6167,140.8169,85.1801
2022,3,SE2,-1.6892496214918382,-0.24616375355998293,-0.27465378313973926,0.0127,0.0,0.0,-0.1125,0.7271,158.3054,89.0407
2022,3,SE,-0.6629767945313897,-0.2446823407666728,-0.2516826737326083,0.173,0.0038,0.021,0.2153,0.7269,136.6007,74.643
2022,3,NO,0.5749922000494433,-0.2266830320375524,-0.22622882584025472,0.8241,0.0536,0.3367,0.3473,0.9238,162.3726,98.5558
2022,3,NTE2,0.03693807917734043,-0.22638960628832636,-0.23786732566600324,0.9446,0.0,0.0004,0.2275,0.8312,88.587,82.6225
2022,3,NE2,-0.4148990833044134,-0.22510122747620057,-0.2477112543089028,0.3342,0.0015,0.0054,0.1696,0.8031,156.3419,87.6809
2022,3,NTE,0.45970547207493195,-0.2133668483483568,-0.23024075408321265,0.9376,0.0,0.0,0.0783,0.7798,29.7787,28.528
2022,3,NE,-0.2673918945266504,-0.21259564902918043,-0.24556844664193417,0.4455,0.0,0.0002,0.2554,0.6934,125.3732,64.2547
2022,9,NE3,-0.5783856921550802,-0.10074376456405022,-0.25820651989010207,0.0525,0.3792,1.8639,-0.6108,0.4959,142.6233,79.9753
2022,9,SUR,-0.5309476282241541,-0.08984380725549865,-0.2578875018802991,0.443,0.0,0.0001,-0.1189,0.5162,166.9154,57.528
2022,9,SO2,0.6242767396988391,-0.047272120215916376,-0.24150152164057156,0.3336,0.0131,0.0681,-0.0509,0.3815,140.4351,36.9226
2022,9,SO,0.9919692931725439,-0.04622551736820976,-0.23580234748777573,-0.6013,0.202,3.3791,-0.2068,0.2958,140.739,57.3647
2022,9,CE,0.06864998179780546,-0.007168269097991409,-0.2522391384159382,0.5669,0.0,0.0002,-0.0375,0.5231,108.2475,77.3759
2022,9,NO2,2.2472989035085678,0.022500100582042607,-0.22262072070910227,0.0724,0.0,0.0002,0.0036,0.4505,113.9941,60.3302
2022,9,SE,-0.6629767945313897,0.027600687992834265,-0.26412704232407375,-0.624,0.0615,0.3146,-0.0347,0.5647,151.5236,79.9867
2022,9,SE2,-1.6892496214918382,0.053231116885585635,-0.2788350468676524,0.1651,0.0,0.0,-0.4163,0.3287,98.0471,84.7942
2022,9,NO,0.5749922000494433,0.06109620421787247,-0.2483393138036171,-0.3835,0.0166,0.1652,0.0677,0.6537,145.3776,82.1482
2022,9,NTE2,0.03693807917734043,0.06166072665980929,-0.2556234944206001,0.9091,0.0219,0.1293,0.0325,0.5367,96.6745,72.4441
2022,9,NE2,-0.4148990833044134,0.08216320836106904,-0.2623294305926396,0.09,0.0001,0.0013,-0.0295,0.5647,185.705,7.5533
2022,9,NTE,0.45970547207493195,0.08864380795270844,-0.2511197349438911,1.2697,0.0,0.0,0.0436,0.6879,20.8405,12.8687
2022,9,NE,-0.2673918945266504,0.0906218774039055,-0.2606553289455408,-0.4095,0.0001,0.0002,0.0424,0.5331,138.2697,59.3119
2022,4,SUR,-0.5309476282241541,0.49260122749129254,-0.2711811207350063,0.5521,0.0,0.0001,0.5398,0.9001,187.5668,78.5328
2022,5,SUR,-0.5309476282241541,0.581991016207858,-0.27215832613283153,0.7764,0.0,0.0001,0.69,1.0277,191.444,79.9473
2022,4,SO2,0.6242767396988391,0.6042163517185012,-0.26324439280543904,0.5607,0.0015,0.0177,0.2298,0.4786,105.1067,54.4049
2022,4,SO,0.9919692931725439,0.6070033621685259,-0.26038933546337506,0.3691,1.3659,8.8506,-0.0784,0.3904,135.6109,61.9799
2022,8,SUR,-0.5309476282241541,0.65655370074246,-0.27287546566066306,0.4732,0.0,0.0001,0.2158,0.9731,171.313,58.3454
2022,4,CE,0.06864998179780546,0.7129287093470679,-0.2689886472614417,0.3755,0.0001,0.0008,0.2412,0.6481,89.2298,69.7538
2022,5,SO2,0.6242767396988391,0.722755960333471,-0.26507053906326145,0.5296,0.0009,0.0098,0.3787,0.4918,90.451,36.1514
2022,5,SO,0.9919692931725439,0.726293821740703,-0.2624600610774143,0.1399,2.0568,10.8499,-0.0131,0.3968,126.8869,45.4762
2022,8,SO2,0.6242767396988391,0.7813587668772932,-0.26586591947126914,0.3477,0.0054,0.0333,0.2533,0.4751,96.6725,43.839
2022,8,SO,0.9919692931725439,0.7844728563866848,-0.2633498400096196,-0.076,0.1927,3.3244,-0.033,0.3737,128.9964,49.1251
2022,4,NO2,2.2472989035085678,0.7967422977496834,-0.2548714838346915,0.0956,0.0001,0.0004,0.2357,0.6161,111.7634,61.8799
2022,4,NE3,-0.5783856921550802,0.7980618337568894,-0.2743680130658621,-0.3874,0.1377,1.4785,0.1343,0.8857,124.066,61.8469
2022,4,SE,-0.6629767945313897,0.811566436139018,-0.27504267810570915,0.2057,0.0103,0.0447,0.4811,0.7005,117.177,59.4226
2022,5,CE,0.06864998179780546,0.861766493016374,-0.2705335948698487,0.3684,0.0,0.0002,0.459,0.6831,82.3877,80.4524
2022,8,CE,0.06864998179780546,0.9027296336186138,-0.2709086745885919,0.4121,0.0,0.0002,0.3044,0.6594,91.4006,69.4137
2022,4,NO,0.5749922000494433,0.913867383505884,-0.2677677174519777,0.6165,0.0008,0.0036,0.4808,0.8236,134.0403,67.524
2022,4,NTE2,0.03693807917734043,0.9156978764656512,-0.271226142381469,0.8427,0.0029,0.0149,0.3016,0.7653,83.521,52.3292
2022,5,NO2,2.2472989035085678,0.9706908427024973,-0.2580232085397573,0.0807,0.0001,0.0005,0.2542,0.6025,100.9379,40.7454
2022,8,NE3,-0.5783856921550802,0.9804705100270344,-0.2755469404642191,0.1459,0.1376,0.7462,0.1557,0.95,126.115,59.9117
2022,5,SE,-0.6629767945313897,0.9901621069333879,-0.27611939431443305,0.2619,0.0113,0.0709,0.6782,0.6949,102.3971,36.8877
2022,8,NO2,2.2472989035085678,0.9961293814376692,-0.25843017683278513,-0.0985,0.0,0.0003,0.3247,0.5858,107.6878,49.9703
2022,8,SE,-0.6629767945313897,1.0126286914897091,-0.2762390081708713,-0.4093,0.0112,0.0554,0.4386,0.6611,124.4586,63.2735
2022,4,NTE,0.45970547207493195,1.0139287200052711,-0.2694802680341167,0.709,0.0,0.0,0.3997,0.8845,23.9002,14.1779
2022,4,NE,-0.2673918945266504,1.0230949304343187,-0.27392240343570146,0.2516,0.0,0.0002,0.4419,0.7036,135.3787,47.2552
2022,4,SE2,-1.6892496214918382,1.0532332841355714,-0.28249396323159726,0.112,0.0004,0.0045,0.2515,0.7627,119.964,50.5862
2022,4,NE2,-0.4148990833044134,1.0825214609472067,-0.2751542320245801,0.2852,0.0009,0.0043,0.3048,0.6374,128.3042,63.0076
2022,8,NO,0.5749922000494433,1.1262540807030672,-0.26979573732428735,-0.381,0.0002,0.0017,0.4866,0.8354,118.0001,64.5893
2022,5,NO,0.5749922000494433,1.1269195023347935,-0.26980135327249527,0.4997,0.0011,0.0044,0.4546,0.8188,133.6271,66.2565
2022,8,NTE2,0.03693807917734043,1.1282823829075994,-0.27285330971534416,0.8273,0.0077,0.0773,0.4786,0.7303,92.4116,57.9127
2022,5,NTE2,0.03693807917734043,1.129415318441475,-0.2728609724980592,1.008,0.0014,0.0116,0.5145,0.747,67.5899,30.6807
2022,5,NE3,-0.5783856921550802,1.1457378512552905,-0.2764146877549761,-0.2137,0.0131,0.0867,0.2992,0.961,111.8465,32.2872
2022,8,NTE,0.45970547207493195,1.236669911129868,-0.27129015357398695,1.2201,0.0,0.0,0.7014,0.9701,22.6218,16.1087
2022,8,NE,-0.2673918945266504,1.246709129427644,-0.27522173474647926,-0.0822,0.0,0.0001,0.6267,0.735,137.9085,49.3632
2022,5,NTE,0.45970547207493195,1.2679891824654168,-0.2715119093528063,0.7478,0.0,0.0,0.6685,0.9571,22.9969,13.6943
2022,8,SE2,-1.6892496214918382,1.273640159997567,-0.28280361574136376,0.2879,0.0004,0.0044,0.1183,0.8239,86.9248,86.2862
2022,5,NE,-0.2673918945266504,1.2816762384603855,-0.2753985015670533,0.3148,0.0,0.0001,0.6739,0.7254,126.3221,31.7519
2022,8,NE2,-0.4148990833044134,1.3088486733020481,-0.27629052666377346,0.832,0.0001,0.0013,0.4339,0.7552,182.4867,7.4917
2022,5,SE2,-1.6892496214918382,1.388180068927887,-0.2829388145510349,0.1426,0.0,0.0,0.3766,0.8381,107.1129,38.5143
2022,5,NE2,-0.4148990833044134,1.4002320178315757,-0.276680165465913,0.0676,0.0001,0.0013,0.403,0.6291,109.6234,36.9733
2022,6,SUR,-0.5309476282241541,1.7022127482476734,-0.2782571377498607,0.4718,0.0,0.0001,1.037,1.143,167.0421,50.1001
2022,7,SUR,-0.5309476282241541,1.872943371203666,-0.27872161879159035,0.6048,0.0,0.0001,0.7833,1.1152,179.2998,64.1206
2022,6,SO2,0.6242767396988391,1.8968907256524425,-0.2741804760115673,0.4194,0.0071,0.0734,0.5534,0.5198,83.2127,28.2861
2022,6,SO,0.9919692931725439,1.9017193235082168,-0.27273915068028903,0.2638,0.969,8.4301,0.2015,0.4229,113.2117,31.5461
2022,6,NE3,-0.5783856921550802,1.9827527269082184,-0.27917212892961457,-0.3769,0.1691,1.5808,0.5924,1.0467,112.4878,37.6516
2022,7,SO2,0.6242767396988391,2.0822480831904797,-0.2749177831492992,0.6114,0.0005,0.0012,0.4116,0.4151,96.2872,36.4783
2022,6,CE,0.06864998179780546,2.083811852033217,-0.2769885207570497,0.3378,0.0003,0.001,0.6675,0.7218,86.9217,49.2385
2022,7,SO,0.9919692931725439,2.087440527435531,-0.2735723091132151,0.4865,3.965,14.7329,0.0725,0.379,117.2508,27.1224
2022,7,NE3,-0.5783856921550802,2.1827802295837233,-0.27959465127541094,-0.2079,0.0024,0.012,0.5669,0.9948,109.5517,27.0455
2022,6,NO2,2.2472989035085678,2.2254463198148784,-0.26968306049420027,-0.0316,0.0001,0.0004,0.5887,0.6513,94.8968,23.2303
2022,6,SE,-0.6629767945313897,2.25020649141472,-0.28002088632330985,0.2946,0.0142,0.0947,0.8005,0.6466,112.307,39.5141
2022,7,CE,0.06864998179780546,2.2833009277424616,-0.27754139390391214,0.584,0.0,0.0002,0.6022,0.6155,76.9296,40.5517
2022,6,NO,0.5749922000494433,2.4177031208523676,-0.2761933616585965,-0.3133,0.0043,0.0589,0.8301,0.8582,94.1572,57.1305
2022,6,NTE2,0.03693807917734043,2.4206312367917504,-0.27798617968331013,0.7993,0.0049,0.0374,0.8036,0.7672,85.3062,30.26
2022,7,NO2,2.2472989035085678,2.435725151577406,-0.2707263123150159,-0.0684,0.0,0.0002,0.4402,0.5752,96.3589,25.5612
2022,7,SE,-0.6629767945313897,2.4623813357828754,-0.280372722851341,0.4364,0.0004,0.0064,0.7686,0.5641,110.9551,25.1326
2022,6,SE2,-1.6892496214918382,2.5399734348850505,-0.28376819885275845,0.3812,0.0,0.0,0.5678,0.9797,107.0771,50.9101
2022,6,NTE,0.45970547207493195,2.5712089353893526,-0.27698342486353883,1.0409,0.0,0.0,1.1746,1.0447,22.4554,13.4605
2022,6,NE,-0.2673918945266504,2.5841910833420085,-0.27930754981034567,0.4767,0.0,0.0001,0.9832,0.7417,139.2818,24.1198
2022,6,NE2,-0.4148990833044134,2.6262211541571623,-0.2798418152793776,0.808,0.0003,0.0027,0.6552,0.7389,116.63,34.3282
2022,7,NO,0.5749922000494433,2.6428188145420646,-0.27680373658967167,-0.6799,0.0098,0.1704,0.7515,0.8671,115.3822,55.8249
2022,7,NTE2,0.03693807917734043,2.645975552724373,-0.2784761250606473,1.1991,0.0,0.0003,0.7552,0.7294,82.9189,25.9995
2022,7,SE2,-1.6892496214918382,2.7782121648002587,-0.2838713378297279,1.1528,0.0,0.0,0.5848,0.8618,60.9069,54.5736
2022,7,NTE,0.45970547207493195,2.8085429023329596,-0.2775432667968851,1.3469,0.0,0.0,1.1318,0.9639,20.8597,7.6964
2022,7,NE,-0.2673918945266504,2.822598369763205,-0.27971072094852883,1.1738,0.0,0.0001,0.9829,0.7049,138.2373,22.3697
2022,7,NE2,-0.4148990833044134,2.8697941564453386,-0.28021190982631644,1.6146,0.0001,0.0013,0.5702,0.7768,180.7732,22.3006
2023,7,SE3,-1.5886657919031368,-2.529973787346035,-0.2787545857647163,0.4317,0.0004,0.001,0.808,0.6118,110.297,33.3279
2023,8,SE3,-1.5886657919031368,-1.8534574310972032,-0.2749041184094655,0.1706,0.0,0.0002,0.7289,0.7269,117.526,62.9861
2023,6,SE3,-1.5886657919031368,-1.5940497637584814,-0.2718690868541772,-0.3547,0.0,0.0002,0.3628,0.7027,113.4884,58.3228
2023,9,SE3,-1.5886657919031368,-1.57649180721605,-0.27159819186467204,0.8243,0.0001,0.0008,0.5442,0.5563,106.1568,52.0312
2023,5,SE3,-1.5886657919031368,-1.2620516487358313,-0.26384266914870347,-0.0909,0.0002,0.0006,0.0887,0.5528,154.1704,94.1397
2023,1,SE3,-1.5886657919031368,-1.245644085285051,-0.26318920991546335,-0.0021,0.0,0.0001,-0.0323,0.4901,206.3951,100.4076
2023,11,SE2,-1.6892496214918382,-1.1438832883686587,-0.2628205631064458,-0.4179,0.0,0.0,-0.1289,0.4291,223.1756,94.6339
2023,11,NE3,-0.5783856921550802,-1.1357977167884419,-0.20859243902360766,-0.1729,0.166,0.5715,-0.462,0.5389,192.7589,96.0295
2023,11,NE2,-0.4148990833044134,-1.1306083105748788,-0.1996365048319161,-0.1916,0.0001,0.0013,-0.384,0.5789,218.1675,82.94
2023,3,SE3,-1.5886657919031368,-1.0922688801060896,-0.2543857399864801,0.0483,0.0,0.0002,0.2118,0.5871,146.8307,102.5476
2023,4,SE3,-1.5886657919031368,-1.0874074415648556,-0.25399049437122373,0.1262,0.0015,0.0248,0.1113,0.6307,148.4817,86.9542
2023,11,NE,-0.2673918945266504,-1.0728198107024145,-0.17771532552369465,-0.3517,0.0,0.0001,-0.4882,0.523,124.1785,103.5872
2023,11,NTE,0.45970547207493195,-1.0680473796848482,-0.1344585070000316,-1.1878,0.0,0.0,-0.8449,0.5115,147.564,115.4901
2023,12,NE3,-0.5783856921550802,-1.0585623976652943,-0.19172390614037835,-0.2243,0.0299,0.1873,-0.5077,0.6441,209.1719,87.6258
2023,1,NE3,-0.5783856921550802,-1.0289763405413952,-0.18311539775668342,-0.2385,0.0093,0.0359,-0.4207,0.4435,179.1908,86.2397
2023,11,NTE2,0.03693807917734043,-1.0242004460579488,-0.14127197364403643,-0.422,0.0,0.0004,-0.6451,0.7776,125.5724,125.0407
2023,11,NO,0.5749922000494433,-1.0234612128091116,-0.10561069273732425,-0.4409,0.001,0.0039,-0.251,0.5347,196.1522,103.2969
2023,10,SE3,-1.5886657919031368,-1.0003799762915981,-0.2446954672641967,-0.2336,0.0,0.0002,0.133,0.6414,181.5066,104.3489
2023,11,NO3,1.2693237154743031,-0.9916452675683356,-0.03480938290983443,0.3422,0.0,0.0,-0.5768,0.5322,109.1567,90.3036
2023,11,SE,-0.6629767945313897,-0.9846024229335494,-0.17309093841555948,-0.5535,1.0648,4.1763,-0.504,0.4216,187.9567,89.938
2023,11,NO2,2.2472989035085678,-0.9792828977863318,0.05122222512716779,-0.4916,0.0,0.0003,-0.3696,0.3813,161.3992,103.2237
2023,12,SE3,-1.5886657919031368,-0.960487878518043,-0.23829767918241307,-0.1999,0.0,0.0001,-0.2795,0.569,230.2144,95.0685
2023,11,CE,0.06864998179780546,-0.9502545379069203,-0.09470587345384188,-0.4514,0.0003,0.0013,-0.5509,0.4387,144.8405,100.5012
2023,12,SE2,-1.6892496214918382,-0.9493832522725967,-0.24476683731248022,-0.317,0.0,0.0,-0.1564,0.457,221.4878,89.66
2023,2,SE3,-1.5886657919031368,-0.9438489539967064,-0.23499104600813156,0.1442,0.0,0.0002,0.0794,0.5225,182.5866,99.4988
2023,11,SO,0.9919692931725439,-0.9155379969827137,0.029144769903042975,-0.4181,0.3943,4.7709,-0.4863,0.3214,184.5959,91.5478
2023,11,SO2,0.6242767396988391,-0.91464849040834,-0.006322454540360593,-0.4781,0.0,0.0002,-0.3558,0.3554,208.2427,58.9101
2023,12,NE2,-0.4148990833044134,-0.8997151951026847,-0.09679046352144988,0.0905,0.0,0.0009,-0.4303,0.5586,218.1974,85.7438
2023,11,SUR,-0.5309476282241541,-0.8798539997551833,-0.08904172477518094,-0.8126,0.0,0.0001,-0.0719,0.3951,220.4573,90.6575
2023,1,SE2,-1.6892496214918382,-0.813017899662149,-0.19243897263315496,-0.2502,0.0,0.0,-0.4615,0.3437,152.0585,77.6772
2023,12,NE,-0.2673918945266504,-0.7789657935218559,0.26424165259557686,-0.0947,0.0,0.0001,-0.5318,0.5702,134.9832,103.765
2023,12,NTE,0.45970547207493195,-0.7711686629595875,0.568223006197007,-0.8693,0.0,0.0,-0.8425,0.6504,182.6346,124.5494
2023,1,NE2,-0.4148990833044134,-0.7286906569729428,1.4207629231231618,0.1651,0.0,0.0007,0.5935,2.4954,197.6058,101.8809
2023,2,NE3,-0.5783856921550802,-0.7173628126511649,3.0279522357847672,-0.5171,0.0076,0.036,-0.3394,0.5206,170.5196,95.3756
2023,12,NTE2,0.03693807917734043,-0.7066903035165986,9.503136137864518,-0.096,0.0001,0.0013,-0.5393,0.7582,134.9911,118.6209
2023,12,NO,0.5749922000494433,-0.7056922951748699,9.503136137864518,-0.0674,0.0001,0.0015,-0.222,0.6154,197.1975,102.5499
2023,12,NO3,1.2693237154743031,-0.664868884274156,0.5505903227956653,0.148,0.0,0.0,-0.4628,0.5621,116.3065,92.2159
2023,12,SE,-0.6629767945313897,-0.6563351048145036,0.018877404652656804,-0.4196,0.0012,0.008,-0.5299,0.4281,192.5551,83.3029
2023,12,NO2,2.2472989035085678,-0.649997089984096,0.5108025495792655,-0.4191,0.0,0.0002,-0.3504,0.4136,177.9857,104.6764
2023,11,SE3,-1.5886657919031368,-0.6428100668338594,-0.19332235810221315,-0.1952,0.0,0.0002,-0.1596,0.4433,219.2435,98.2514
2023,2,SE2,-1.6892496214918382,-0.6275239419399659,-0.22396413184469852,-0.173,0.0,0.0,-0.4592,0.3999,135.3977,88.4856
2023,12,CE,0.06864998179780546,-0.6169017048026825,-0.029764258731126647,-0.208,0.0,0.0003,-0.5665,0.4494,169.7818,108.5175
2023,2,NE2,-0.4148990833044134,-0.5970646644801039,-0.12112437316263698,0.1421,0.0002,0.002,0.4874,1.5691,173.1447,100.7918
2023,12,SO,0.9919692931725439,-0.5802262947162984,-0.028137443278223487,-0.3309,0.3777,4.6937,-0.5493,0.3008,216.4497,88.1086
2023,12,SO2,0.6242767396988391,-0.5793238766330782,-0.059718289689719116,-0.1277,0.0,0.0001,-0.4005,0.3684,225.6183,59.3196
2023,12,SUR,-0.5309476282241541,-0.5453505195984591,-0.18092054446249436,-0.4613,0.0,0.0,-0.0813,0.4056,202.9677,84.0134
2023,1,NE,-0.2673918945266504,-0.544626137309375,-0.164593632557603,-0.0531,0.0,0.0,-0.3558,0.5247,160.9387,103.27
2023,2,NE,-0.2673918945266504,-0.5386823846776585,-0.16884396868140095,0.4481,0.0,0.0001,-0.1454,0.591,127.3441,87.8444
2023,2,NTE,0.45970547207493195,-0.535551635737408,-0.127086483793356,0.4019,0.0,0.0,-0.4314,0.5748,24.2776,12.9191
2023,1,NTE,0.45970547207493195,-0.5335950264767189,-0.12886681750096338,0.1867,0.0,0.0,-0.5368,0.4702,25.6669,12.7981
2023,2,NTE2,0.03693807917734043,-0.5123523381767274,-0.16837620019970714,0.2371,0.0,0.0003,-0.3309,0.6696,95.1884,98.2147
2023,2,NO,0.5749922000494433,-0.5120304440677613,-0.14000704534508307,0.0497,0.0001,0.0012,-0.0203,0.715,176.8357,109.8954
2023,2,NO3,1.2693237154743031,-0.4998322212217694,-0.11385026459783806,1.481,0.0,0.0,3.6338,3.9617,77.2875,89.1084
2023,2,SE,-0.6629767945313897,-0.4975230013390738,-0.21122040983136925,0.0642,0.0004,0.0071,-0.3335,0.5554,166.288,88.8077
2023,2,NO2,2.2472989035085678,-0.49586249366495516,-0.06911926011579538,-0.1406,0.0,0.0002,-0.1105,0.566,154.2509,94.0312
2023,2,CE,0.06864998179780546,-0.48796012683174206,-0.17986888448788452,0.0588,0.0,0.0004,-0.1755,0.4948,154.5032,104.5395
2023,2,SO,0.9919692931725439,-0.48076764052400855,-0.14096019292576356,0.321,-0.0012,0.0209,-0.4723,0.3957,187.206,84.2433
2023,2,SO2,0.6242767396988391,-0.48061233447459556,-0.15787395164898457,0.5808,0.0001,0.0007,-0.1396,0.446,158.9986,60.8337
2023,2,SUR,-0.5309476282241541,-0.47556823910186075,-0.21232572631474528,0.0845,0.0,0.0002,-0.1287,0.5123,209.743,86.0261
2023,1,NTE2,0.03693807917734043,-0.44596994336534446,-0.19805421659722267,0.2517,0.0,0.0,-0.5399,0.741,128.8571,108.5267
2023,1,NO,0.5749922000494433,-0.4446633816073093,-0.17724819129277303,0.0804,0.0,0.0,-0.0996,0.6148,195.6,107.9339
2023,1,NO3,1.2693237154743031,-0.392513779879823,-0.17226638412295028,0.6493,0.0,0.0,0.4351,2.7126,200.1838,139.6566
2023,1,SE,-0.6629767945313897,-0.3819341534213162,-0.23751767536962623,-0.0217,0.0,0.0,-0.2722,0.524,177.7742,83.9303
2023,1,NO2,2.2472989035085678,-0.3741496094180064,-0.1480550044609562,-0.1116,0.0001,0.0007,-0.1422,0.5506,158.806,103.6359
2023,4,NE3,-0.5783856921550802,-0.3615444038350265,-0.23779608566857682,-0.7981,0.0682,0.5117,-0.1169,0.7674,132.1239,86.2161
2023,1,CE,0.06864998179780546,-0.33452800942952293,-0.2232374244616234,0.2161,0.0,0.0,-0.2481,0.4964,157.3,97.9438
2023,10,SUR,-0.5309476282241541,-0.30321661637902125,-0.24342991161561447,-0.8813,0.0,0.0001,0.0474,0.503,193.5762,88.6977
2023,1,SO,0.9919692931725439,-0.2927121843243782,-0.20639838310894207,0.0903,1.1329,8.0768,-0.5025,0.3536,210.8781,85.9813
2023,1,SO2,0.6242767396988391,-0.29171225177939136,-0.21576276652846213,0.4472,0.0002,0.0016,-0.1626,0.4893,174.5516,64.591
2023,10,SO2,0.6242767396988391,-0.27067191227409654,-0.21911140565366133,-0.549,0.0011,0.0085,-0.1633,0.4451,191.5607,53.4088
2023,10,SO,0.9919692931725439,-0.269864849985543,-0.21051684251748146,-0.6721,0.2262,3.3808,-0.3588,0.3637,162.0831,79.2601
2023,10,NE3,-0.5783856921550802,-0.2574371000361687,-0.24878054334351626,-0.2918,0.0292,0.1432,-0.0817,0.7753,161.2941,98.895
2023,1,SUR,-0.5309476282241541,-0.25514085815206566,-0.2478778586187712,-0.1285,0.0,0.0,-0.056,0.5522,202.6129,88.7303
2023,4,SUR,-0.5309476282241541,-0.24325589274694726,-0.24883541362062073,-0.2651,0.0,0.0001,0.0445,0.59,200.0707,84.2958
2023,10,CE,0.06864998179780546,-0.23943588560093765,-0.23584284101742603,-0.4288,0.0001,0.0008,-0.3052,0.554,118.4972,91.784
2023,4,SE2,-1.6892496214918382,-0.23098190708474958,-0.2749922818874522,-0.398,0.0002,0.0032,-0.2419,0.6364,116.6693,98.1274
2023,4,SO2,0.6242767396988391,-0.22099830021083475,-0.22586789157952492,-0.0699,0.0033,0.0247,0.036,0.4787,135.1119,48.3938
2023,4,SO,0.9919692931725439,-0.22046560586051547,-0.21810048663848905,0.1568,0.0007,0.0269,-0.2857,0.3996,152.0906,71.7695
2023,10,NO2,2.2472989035085678,-0.21577876339387517,-0.1922553888036573,-0.1604,0.0001,0.0005,-0.1521,0.5148,145.5524,89.3087
2023,10,SE,-0.6629767945313897,-0.21164441822363467,-0.2539212468409779,-0.6927,0.2479,1.8597,-0.1682,0.5792,161.4516,90.5915
2023,10,NO3,1.2693237154743031,-0.20627548369610516,-0.21426173937605558,-0.3087,0.0,0.0,-0.1947,0.5866,87.1032,86.5859
2023,4,CE,0.06864998179780546,-0.20123338676517985,-0.23957350051974377,-0.2547,0.0,0.0003,-0.0291,0.5753,105.1157,89.1458
2023,4,NE2,-0.4148990833044134,-0.2001599378075572,-0.249558217603964,-0.0304,0.0014,0.0055,0.0105,0.6164,160.8868,83.261
2023,3,SUR,-0.5309476282241541,-0.19554925459598574,-0.25223162018540535,-0.0626,0.0,0.0001,-0.0685,0.6837,193.3202,93.422
2023,3,NE3,-0.5783856921550802,-0.19194580055414912,-0.25341720981669785,-0.5372,0.0201,0.0871,-0.1168,0.6757,133.9066,87.4242
2023,4,NO2,2.2472989035085678,-0.18775395975062145,-0.19727163886617913,-0.5986,0.0,0.0002,-0.0519,0.5344,124.8483,71.0626
2023,4,SE,-0.6629767945313897,-0.1855764215605789,-0.2554875064860058,-0.1765,0.0019,0.0093,-0.0318,0.6385,141.81,85.189
2023,10,NO,0.5749922000494433,-0.18369218263926756,-0.23107562153967737,-0.4098,0.0001,0.0011,-0.0596,0.6314,155.6581,104.8742
2023,10,NTE2,0.03693807917734043,-0.18320385744654022,-0.2417728137373349,-0.3364,0.0001,0.0007,-0.3409,0.7756,106.6963,89.3763
2023,4,NO3,1.2693237154743031,-0.18284606137421028,-0.21743338151565042,-0.1978,0.0,0.0,-0.1055,0.4283,95.4283,101.2863
2023,4,NO,0.5749922000494433,-0.17294529572490158,-0.23216541535858873,-0.3853,0.0001,0.0015,0.0171,0.7976,151.7641,94.2061
2023,4,NTE2,0.03693807917734043,-0.17276825952661248,-0.24262190882301343,-0.2418,0.0031,0.0424,-0.2823,0.8786,93.8068,84.8066
2023,4,NE,-0.2673918945266504,-0.1682325110089561,-0.24883542189009422,-0.3956,0.0,0.0001,-0.0399,0.7492,128.3597,67.0858
2023,4,NTE,0.45970547207493195,-0.16792518765295514,-0.23487623070408728,0.0884,0.0,0.0,0.0072,0.8751,21.2879,10.7096
2023,10,SE2,-1.6892496214918382,-0.16378790993495865,-0.27626345358835436,-0.5128,0.0,0.0,0.087,0.4982,189.2857,95.5422
2023,3,SO2,0.6242767396988391,-0.15914590280401844,-0.23256968064925776,0.121,0.0002,0.0017,0.0201,0.536,146.2058,58.562
2023,3,SO,0.9919692931725439,-0.1582492813268724,-0.22571063632593405,0.0774,-0.0023,0.028,-0.3289,0.4342,170.6334,83.3423
2023,10,NTE,0.45970547207493195,-0.15812355346604673,-0.2357755380033128,-1.2857,0.0,0.0,-0.3976,0.7826,161.2222,94.9731
2023,10,NE,-0.2673918945266504,-0.15596663359634128,-0.24964594812146784,-0.495,0.0,0.0002,-0.0826,0.645,141.595,80.2197
2023,10,NE2,-0.4148990833044134,-0.14921372624875567,-0.2528180420479836,-0.3206,0.0002,0.0019,-0.2924,0.6271,227.1462,83.3964
2023,3,CE,0.06864998179780546,-0.12471478936249401,-0.24557484135442623,-0.2236,0.0001,0.0008,0.0238,0.6715,115.0869,96.8812
2023,5,NE3,-0.5783856921550802,-0.10527876419719624,-0.25800264782942633,-0.8141,0.1996,1.2742,-0.0968,0.6434,128.765,90.1293
2023,3,NO2,2.2472989035085678,-0.0991119072216088,-0.21009512084412485,-0.5037,0.0,0.0002,0.0637,0.6016,135.5069,79.9152
2023,3,SE,-0.6629767945313897,-0.09469420599923972,-0.2599058427592104,-0.1715,0.0006,0.0074,-0.1272,0.6216,138.5,86.9022
2023,3,NO3,1.2693237154743031,-0.08898830368733712,-0.2277293860351234,0.5405,0.0,0.0,-0.0689,0.7355,74.4871,79.2563
2023,3,SE2,-1.6892496214918382,-0.06602717989658961,-0.2776372654979867,-0.3426,0.0,0.0,-0.3409,0.5265,107.2072,104.1314
2023,3,NO,0.5749922000494433,-0.06549164248471419,-0.24105550821023347,-0.2865,0.0001,0.0011,0.1639,0.8504,151.4387,100.942
2023,3,NTE2,0.03693807917734043,-0.06499535751950647,-0.24977742772351896,-0.2328,0.0,0.0003,-0.1855,0.877,86.7255,88.4245
2023,3,NE2,-0.4148990833044134,-0.04308881884547662,-0.2580030745045143,0.0564,0.0001,0.0016,-0.0049,0.7554,147.2762,89.8203
2023,3,NTE,0.45970547207493195,-0.040858481547870404,-0.24448376466650384,0.1235,0.0,0.0,-0.0672,0.7767,67.3197,38.9291
2023,3,NE,-0.2673918945266504,-0.03901302939504137,-0.2558802144705262,-0.35,0.0,0.0001,-0.031,0.6986,120.739,71.68
2023,5,SUR,-0.5309476282241541,-0.005296533748436619,-0.261185542247607,-0.6477,0.0,0.0001,0.3568,0.5905,186.3085,75.302
2023,5,SO2,0.6242767396988391,0.03535459822034448,-0.24637097034313968,-0.212,0.0062,0.0659,0.0233,0.4518,174.6762,51.9926
2023,5,SO,0.9919692931725439,0.03634245187808195,-0.24129453439782475,0.011,0.1916,3.3243,-0.1748,0.3661,146.0926,72.3099
2023,5,CE,0.06864998179780546,0.07269259912501014,-0.2556211540435796,-0.4304,0.0,0.0003,-0.0105,0.6316,116.5345,92.9252
2023,5,SE2,-1.6892496214918382,0.08157677529808768,-0.2790664813126607,-0.4949,0.0,0.0,-0.3364,0.4772,117.7124,101.9753
2023,5,NO2,2.2472989035085678,0.09940593151734807,-0.2285928627169042,-0.4285,0.0,0.0003,-0.0266,0.5267,122.1869,70.3733
2023,5,SE,-0.6629767945313897,0.10388723068193419,-0.2661157057282678,-0.3154,0.0141,0.0696,0.0592,0.6595,153.3583,84.5508
2023,5,NO3,1.2693237154743031,0.10960436751130088,-0.24171694597729526,-0.018,0.0,0.0,0.0493,0.1343,171.7548,118.1056
2023,5,NE2,-0.4148990833044134,0.12169066036862249,-0.2634234176384823,-0.0508,0.001,0.004,-0.035,0.658,151.4508,76.9733
2023,5,NO,0.5749922000494433,0.13198826406938619,-0.2514587909738051,-0.433,0.0004,0.0027,0.0698,0.7285,147.2862,87.7432
2023,5,NTE2,0.03693807917734043,0.13243335242989962,-0.2581222645444847,-0.3177,0.0068,0.0507,0.0421,0.713,100.6336,82.2567
2023,5,NTE,0.45970547207493195,0.1508285818519457,-0.253594547784227,-0.0615,0.0,0.0,0.1172,0.8034,21.7512,11.7302
2023,5,NE,-0.2673918945266504,0.15165013665553012,-0.2624044074045256,-0.4703,0.0,0.0002,-0.0405,0.6981,132.9117,69.598
2023,6,SUR,-0.5309476282241541,0.5887528854233856,-0.2722267632130263,-0.832,0.0,0.0001,0.5177,0.8338,184.2996,76.1438
2023,9,SUR,-0.5309476282241541,0.6274095819648553,-0.2726046966646186,-0.7378,0.0,0.0001,0.3747,0.7207,180.1809,73.4256
2023,6,SO2,0.6242767396988391,0.7113912341994371,-0.26490868612219376,-0.1314,0.0,0.0006,0.147,0.4692,166.776,39.5911
2023,6,SO,0.9919692931725439,0.714455787348099,-0.2622700973163649,-0.1114,0.1939,3.3794,-0.1149,0.3463,135.7963,62.2033
2023,9,SO2,0.6242767396988391,0.7689666001904313,-0.26570299235831046,0.0155,0.0001,0.0012,0.1148,0.4088,161.2394,32.1098
2023,9,SO,0.9919692931725439,0.772520453381484,-0.263172751925948,0.1743,-0.001,0.0203,-0.0653,0.3297,124.8606,42.4918
2023,6,CE,0.06864998179780546,0.8310304794834805,-0.27023904405182597,-0.5443,0.0,0.0003,0.2761,0.5728,89.5657,76.1899
2023,9,CE,0.06864998179780546,0.9084345605809303,-0.2709594031980401,-0.5516,0.0003,0.0013,0.1642,0.5321,79.4389,45.2157
2023,6,NO2,2.2472989035085678,0.9234432435106517,-0.25723364876132593,-0.5268,0.0002,0.0006,0.1595,0.5387,105.8066,48.5876
2023,6,SE,-0.6629767945313897,0.9398088664293087,-0.2758394585802055,-0.5013,0.0077,0.087,0.335,0.6664,124.3708,66.0062
2023,6,NE3,-0.5783856921550802,0.9422039363226093,-0.2753212296133569,0.8039,0.0014,0.0094,0.1684,0.715,92.2599,57.9875
2023,6,NO3,1.2693237154743031,0.9611793982638561,-0.2639476894963435,0.5022,0.0,0.0,0.242,0.5534,87.77,98.8958
2023,8,SUR,-0.5309476282241541,1.0118854146144616,-0.2754385143428283,-0.643,0.0,0.0001,0.6756,1.0182,178.9331,69.5991
2023,9,NO2,2.2472989035085678,1.0174229863855284,-0.25876160459759956,-0.5862,0.0001,0.0006,0.1891,0.5252,101.3424,45.2987
2023,9,SE,-0.6629767945313897,1.036871686596139,-0.2763646234846903,-0.6645,0.0028,0.0218,0.349,0.5981,118.2503,55.4679
2023,6,NO,0.5749922000494433,1.0529858507936072,-0.2691514072536946,-0.5685,0.0023,0.0057,0.2999,0.7087,126.2871,67.8328
2023,6,NTE2,0.03693807917734043,1.0550158217407934,-0.2723368412956138,-0.3072,0.0005,0.0044,0.2731,0.6678,81.7933,49.0282
2023,9,NO3,1.2693237154743031,1.062347847529388,-0.2651669684363004,-0.1822,0.0,0.0,0.3022,0.5819,50.815,38.2155
2023,9,NE3,-0.5783856921550802,1.1639182520572213,-0.2765007876036903,-0.5889,0.0009,0.0074,0.0194,0.6909,103.2117,67.5606
2023,6,NTE,0.45970547207493195,1.1644145882645267,-0.2707502423063274,-0.4727,0.0,0.0,0.4265,0.8282,22.8454,17.3274
2023,9,NO,0.5749922000494433,1.1730801988937807,-0.27018123408396716,-0.058,0.0001,0.0011,0.3944,0.7526,106.1567,77.9729
2023,6,NE,-0.2673918945266504,1.174698422838702,-0.2748370131339325,-0.6353,0.0,0.0001,0.4013,0.6659,130.7251,39.039
2023,9,NTE2,0.03693807917734043,1.1755581572544016,-0.2731652310592866,0.0478,0.0,0.0004,-0.0252,0.561,82.6924,42.5457
2023,8,SO2,0.6242767396988391,1.1849685697737222,-0.27000591112239586,-0.0786,0.0,0.0002,0.2506,0.4687,157.1413,45.6062
2023,8,SO,0.9919692931725439,1.1893049547863046,-0.26802989309371633,0.0984,0.3777,4.6937,0.0171,0.3916,127.4787,52.6431
2023,6,SE2,-1.6892496214918382,1.2146518714010197,-0.28272770205761905,-0.1962,0.0,0.0,-0.36,0.5202,86.3449,101.4541
2023,6,NE2,-0.4148990833044134,1.2443479945510407,-0.2759935449685638,-0.3671,0.0011,0.0044,-0.0346,0.7258,144.5114,59.372
2023,9,NTE,0.45970547207493195,1.312409467672664,-0.27181463312056836,-0.9041,0.0,0.0,0.4465,0.7878,136.3343,48.4278
2023,9,NE,-0.2673918945266504,1.3258111996689919,-0.2756129340161223,-0.4655,0.0,0.0001,0.366,0.6095,133.8458,37.3364
2023,8,CE,0.06864998179780546,1.35475541052548,-0.2740581947501766,-0.5706,0.0,0.0002,0.4838,0.6422,84.9651,52.166
2023,9,SE2,-1.6892496214918382,1.4212459176642753,-0.28297513793391404,-0.1234,0.0005,0.0055,0.2816,0.4993,125.88,52.5944
2023,9,NE2,-0.4148990833044134,1.4376050185887241,-0.27682995088026435,0.2585,0.0002,0.0019,0.1814,0.5681,275.565,47.8287
2023,8,NO2,2.2472989035085678,1.4867627254625195,-0.26443326982612697,-0.7029,0.0,0.0003,0.2461,0.5854,102.2516,46.0661
2023,8,SE,-0.6629767945313897,1.5102409745045813,-0.2782670312052135,-0.4529,0.1949,1.7924,0.4205,0.5971,128.0067,61.6145
2023,8,NO3,1.2693237154743031,1.5409536661340715,-0.26944773425944407,-0.3056,0.0,0.0,0.4689,0.7471,55.371,49.7127
2023,8,NE3,-0.5783856921550802,1.5984022784224412,-0.278154502508764,-0.544,0.0004,0.005,0.3454,0.885,92.7461,63.112
2023,8,NO,0.5749922000494433,1.6737723341979516,-0.2733554215615663,-0.3623,0.0007,0.0033,0.5095,0.8294,111.9694,81.6072
2023,8,NTE2,0.03693807917734043,1.676729273192375,-0.2757112572503065,-0.2162,0.0,0.0004,0.1201,0.6276,88.804,54.4932
2023,8,NTE,0.45970547207493195,1.8383417873013144,-0.2745958557542802,-0.569,0.0,0.0001,0.3949,0.8507,114.892,60.8494
2023,8,NE,-0.2673918945266504,1.8539003904248648,-0.27760547986972367,-0.6031,0.0,0.0001,0.5151,0.6837,136.576,45.5619
2023,7,SUR,-0.5309476282241541,1.9200567455950448,-0.27883916622855254,-0.7522,0.0,0.0001,0.7495,0.9674,175.7053,59.0173
2023,8,SE2,-1.6892496214918382,1.943930913830264,-0.2834289636459602,-0.3726,0.0,0.0,0.3147,0.6696,111.5033,59.0502
2023,8,NE2,-0.4148990833044134,1.9736188279962368,-0.27851877572411354,-0.208,0.0002,0.0023,0.356,0.6915,254.7218,65.5393
2023,7,SO2,0.6242767396988391,2.159874726965334,-0.2751982427546751,-0.1842,0.0017,0.0224,0.3868,0.3808,146.2781,19.9235
2023,7,SO,0.9919692931725439,2.1658579067667736,-0.2738917558922461,-0.049,-0.0011,0.0199,0.0678,0.3447,116.749,22.9226
2023,7,CE,0.06864998179780546,2.393038272052281,-0.2778151925465199,-0.54,0.0001,0.0006,0.4924,0.5564,76.9258,44.6364
2023,7,NE3,-0.5783856921550802,2.5372807451393196,-0.280215496222622,-0.7164,0.2673,3.8646,0.5897,0.7168,77.8876,37.6953
2023,7,NO2,2.2472989035085678,2.572415904256147,-0.2713327320639869,-0.7669,0.0,0.0002,0.414,0.505,101.3105,27.8519
2023,7,SE,-0.6629767945313897,2.604097423477487,-0.2805826085832314,-0.5501,0.3882,2.5218,0.5889,0.5454,113.3226,43.4288
2023,7,NO3,1.2693237154743031,2.645421890607607,-0.27466212136591334,-0.1365,0.0,0.0,0.6222,0.5654,45.55,30.1767
2023,7,NO,0.5749922000494433,2.822207969968872,-0.27723438787851984,-0.4886,0.0001,0.0011,0.6327,0.8038,93.7645,65.3005
2023,7,NTE2,0.03693807917734043,2.8260999847601926,-0.2788228143649391,-0.1974,0.0036,0.0429,0.5466,0.6274,81.1507,33.9382
2023,7,NTE,0.45970547207493195,3.033943514583821,-0.27800919977374006,-0.8422,0.0,0.0,0.8732,0.8354,20.7334,10.2253
2023,7,NE,-0.2673918945266504,3.053172376696855,-0.28005201835380217,-0.5454,0.0,0.0002,0.6573,0.5689,136.9544,26.325
2023,7,SE2,-1.6892496214918382,3.102928031107922,-0.28399114554880256,0.0733,0.0,0.0,-0.2455,0.5354,83.9814,89.5671
2023,7,NE2,-0.4148990833044134,3.1713068535393893,-0.28060565869958426,-0.3033,0.0001,0.0013,0.4135,0.5881,125.1298,31.0537
2024,8,SE3,-1.5886657919031368,-1.7997315447071116,-0.2743938988174105,0.1008,0.0,0.0001,0.211,0.664,124.4958,64.166
2024,7,SE3,-1.5886657919031368,-1.4982346219304172,-0.2702444977339255,-0.1707,0.004,0.0236,0.1141,0.6313,120.5214,61.3412
2024,10,SE3,-1.5886657919031368,-1.4568015073054168,-0.2694133104698237,0.0457,0.0079,0.0534,-0.095,0.4611,178.1823,104.2034
2024,3,SE3,-1.5886657919031368,-1.4165983217563924,-0.2685139520277714,0.2546,0.0,0.0002,-0.1876,0.6563,145.0825,89.7777
2024,5,SE3,-1.5886657919031368,-1.414300888056086,-0.2684594675126834,-0.1474,0.0,0.0004,0.2834,0.7735,110.5185,61.2111
2024,12,NE3,-0.5783856921550802,-1.348989713296057,-0.2340757370099026,-0.9984,0.0527,0.1798,-0.7772,0.4813,228.6746,88.8377
2024,12,SE2,-1.6892496214918382,-1.3079433527776112,-0.26895590582482054,0.4407,0.0,0.0,-0.1572,0.381,218.529,94.4696
2024,9,NE3,-0.5783856921550802,-1.3045169629297464,-0.2302619843502084,0.219,0.6206,3.16,-0.3024,0.4982,172.9077,96.7175
2024,4,SE3,-1.5886657919031368,-1.2804555543198795,-0.2645311067111554,0.1782,0.0,0.0003,0.0774,0.78,136.0338,81.359
2024,12,NE2,-0.4148990833044134,-1.2702579661951725,-0.22088650270228066,0.1519,0.0001,0.0013,-0.4009,0.5501,210.3073,89.4776
2024,9,SE2,-1.6892496214918382,-1.2414028333514815,-0.26692196950710284,-0.4238,0.0,0.0,0.0554,0.4044,204.9948,101.5964
2024,2,NE3,-0.5783856921550802,-1.218839143770252,-0.22104478991477738,0.4283,0.0251,0.1536,-0.413,0.521,186.5532,89.9056
2024,9,NE2,-0.4148990833044134,-1.1979858006772277,-0.2113996437393106,0.0281,0.0006,0.0032,-0.1809,0.5103,213.8427,89.5443
2024,6,SE3,-1.5886657919031368,-1.1798138558212594,-0.26011095848921295,-0.177,0.024,0.1197,0.3742,0.7558,137.8476,88.7042
2024,2,SE2,-1.6892496214918382,-1.1644490055680297,-0.2638311471930669,-0.1368,0.0,0.0,-0.0392,0.4545,199.9891,95.4828
2024,12,NE,-0.2673918945266504,-1.150025490396419,-0.19647904906340635,0.2065,0.0025,0.0086,-0.4958,0.473,144.9097,108.1558
2024,12,NTE,0.45970547207493195,-1.1410944494506121,-0.15986372354635947,-0.1052,0.0,0.0,-0.9578,0.4481,174.8159,122.5896
2024,1,NE3,-0.5783856921550802,-1.1387200753656987,-0.20911206641494867,0.6798,0.0079,0.0355,-0.2958,0.6561,200.3295,87.5578
2024,11,SE3,-1.5886657919031368,-1.134429207583658,-0.2574359842259101,0.0318,0.0002,0.0014,-0.0151,0.5653,189.4482,98.2737
2024,2,NE2,-0.4148990833044134,-1.1271507695310086,-0.1989309894323388,0.1901,0.0001,0.0014,-0.2595,0.6335,219.7423,90.6536
2024,9,NE,-0.2673918945266504,-1.0703018785063751,-0.17696892572798417,-0.4317,0.0254,0.1643,-0.2159,0.5741,167.6618,102.9061
2024,12,NTE2,0.03693807917734043,-1.06232573255104,-0.15674279930754206,0.0759,0.0021,0.007,-0.5724,0.6412,113.3,102.3278
2024,9,NTE,0.45970547207493195,-1.061154138478907,-0.1315192543493231,-0.3664,0.0,0.0,-0.5546,0.6084,164.9868,111.4595
2024,12,NO,0.5749922000494433,-1.0610386172940545,-0.1247045659649695,0.0362,0.0284,0.1091,-0.3175,0.4598,220.5134,83.7382
2024,2,NE,-0.2673918945266504,-1.0175783397888205,-0.1585559939992065,0.2214,0.0001,0.0003,-0.2661,0.6694,135.7231,92.3855
2024,1,SE2,-1.6892496214918382,-1.016185752047318,-0.25353220752510075,-0.1156,0.0,0.0,-0.0104,0.5081,212.0083,93.5454
2024,2,NTE,0.45970547207493195,-1.0097321150476313,-0.10536318900077762,-0.6115,0.0,0.0,-0.6221,0.7238,166.7861,110.3222
2024,12,NO3,1.2693237154743031,-1.006619992984829,-0.04734630308915261,0.0848,0.0,0.0,-0.5007,0.5248,116.8323,91.6647
2024,12,SE,-0.6629767945313897,-0.9948046415941566,-0.17707397365342611,-0.056,0.0023,0.0094,-0.5499,0.3406,189.6613,93.8042
2024,1,SE3,-1.5886657919031368,-0.9876817180587713,-0.242856577890442,0.0421,0.0,0.0003,-0.2021,0.6254,210.1467,99.1644
2024,12,NO2,2.2472989035085678,-0.985929799981546,0.04319051829319391,0.2359,0.0012,0.0075,-0.377,0.3666,168.7613,102.2723
2024,9,NTE2,0.03693807917734043,-0.9817066335089195,-0.11895965225344841,-0.2343,0.0238,0.14,-0.3278,0.6013,146.3674,94.5764
2024,9,NO,0.5749922000494433,-0.9804243994991705,-0.0772848241741927,-0.3806,0.4245,3.0127,-0.1269,0.4715,163.4519,110.5638
2024,1,NE2,-0.4148990833044134,-0.9590537684299266,-0.14124319917798123,0.3125,0.0,0.0,-0.1452,0.7906,209.9806,89.0444
2024,2,NTE2,0.03693807917734043,-0.9416031378361793,-0.09047454266246467,0.0231,0.0014,0.0088,-0.1415,0.9088,133.7473,116.4615
2024,2,NO,0.5749922000494433,-0.9405037748748956,-0.0416572580598067,0.0095,0.0006,0.0032,0.01,0.7486,194.7803,110.1572
2024,11,NE3,-0.5783856921550802,-0.9395225269484525,-0.143736708078377,-0.0521,0.0019,0.0106,-0.355,0.6352,168.6184,91.0512
2024,12,CE,0.06864998179780546,-0.9381845675324202,-0.08473694169398305,0.2309,0.0002,0.0011,-0.4034,0.448,164.1932,97.6618
2024,9,NO3,1.2693237154743031,-0.9266062988299423,0.039521451049349655,-0.3676,0.0,0.0,-0.3642,0.4927,116.0373,97.2515
2024,9,SE,-0.6629767945313897,-0.9150160802203242,-0.13548083000590813,-0.664,0.0107,0.0547,-0.3499,0.5357,185.6003,88.9828
2024,9,NO2,2.2472989035085678,-0.9063310125916398,0.17465333420543075,-0.1594,0.0143,0.0939,-0.3137,0.3812,164.105,102.2931
2024,2,NO3,1.2693237154743031,-0.8943660760193082,0.09554395524855337,0.1941,0.0,0.0,-0.3598,0.6748,124.4983,99.4415
2024,2,SE,-0.6629767945313897,-0.8844310926468998,-0.10959396225711011,-0.0537,0.0078,0.0308,-0.2598,0.5563,177.1934,82.2398
2024,12,SO,0.9919692931725439,-0.8824169975014201,0.08866394275295082,-0.2551,0.0,0.0207,-0.5527,0.3143,207.6103,90.5066
2024,12,SO2,0.6242767396988391,-0.8810052329672748,0.04775182782047448,0.0415,0.0024,0.008,-0.3656,0.404,240.541,96.359
2024,2,NO2,2.2472989035085678,-0.8769866284480416,0.2542601573934333,-0.3049,0.0001,0.0004,-0.1568,0.591,181.2776,102.5484
2024,9,CE,0.06864998179780546,-0.8598946435456001,0.018252216390544404,-0.0339,0.5684,6.8016,-0.1857,1.2483,143.0428,90.6333
2024,2,CE,0.06864998179780546,-0.8371870396581752,0.07137779372225733,0.3217,0.0002,0.0009,-0.193,0.6938,157.1264,104.9638
2024,12,SUR,-0.5309476282241541,-0.8263905073998865,-0.0008352995157175641,-0.2931,0.0017,0.0059,-0.1955,0.366,209.7435,95.0766
2024,1,NE,-0.2673918945266504,-0.8180690806921661,0.06999185018559029,0.2002,0.0,0.0,-0.2796,0.6415,150.9264,105.7181
2024,9,SE3,-1.5886657919031368,-0.8139131653483789,-0.17361872361279462,-0.1347,0.0097,0.063,-0.0556,0.4826,209.9937,102.0687
2024,1,NTE,0.45970547207493195,-0.808880061030654,0.2508983180467411,-0.94,0.0,0.0,-0.6464,0.7883,151.2122,109.9598
2024,9,SO,0.9919692931725439,-0.8062249394913262,0.3771071572655544,-0.6717,0.006,0.0601,-0.419,0.3088,172.2339,86.8463
2024,9,SO2,0.6242767396988391,-0.8048737598640542,0.30799269712708427,-0.4806,0.0149,0.1058,-0.354,0.3407,212.9079,88.1442
2024,2,SE3,-1.5886657919031368,-0.799515021014194,-0.15615658876273353,0.0856,0.0,0.0003,-0.4031,0.4947,186.8871,104.908
2024,2,SO,0.9919692931725439,-0.7911951920600755,0.49598336714584035,0.2118,0.2042,3.437,-0.3906,0.3958,200.1783,95.2151
2024,2,SO2,0.6242767396988391,-0.7900374053586331,0.4145685154859048,0.5612,0.0,0.0002,-0.1549,0.4901,226.2476,66.8268
2024,11,SE2,-1.6892496214918382,-0.7690703358039823,-0.12622826111266058,0.1746,0.0,0.0,-0.0564,0.4886,187.0144,89.2906
2024,9,SUR,-0.5309476282241541,-0.7528720135849785,0.4595389631987723,0.1192,0.0132,0.0747,-0.0222,0.4143,191.2249,83.2301
2024,12,SE3,-1.5886657919031368,-0.7511057637179361,-0.01298093762654528,0.0396,0.0039,0.0168,-0.2091,0.4245,219.9226,100.1609
2024,2,SUR,-0.5309476282241541,-0.7454821142213814,0.6042567385696002,-0.0293,0.0,0.0001,0.13,0.5719,209.5884,86.0005
2024,1,NTE2,0.03693807917734043,-0.7325326774741537,1.5331684781879102,0.0792,0.0013,0.0116,-0.1473,0.8199,124.7882,107.6801
2024,1,NO,0.5749922000494433,-0.7313459984783485,2.090589186131666,0.1681,0.0004,0.0025,-0.0707,0.6532,188.6459,109.2956
2024,11,NE2,-0.4148990833044134,-0.7033221089441251,4.105759381418682,0.4378,0.0001,0.0014,-0.1749,0.6051,241.9544,82.0043
2024,1,NO3,1.2693237154743031,-0.6826758359177043,1.151420144736319,0.3679,0.0,0.0,-0.3045,0.6874,121.1258,96.4478
2024,10,NE3,-0.5783856921550802,-0.6758690261327056,0.23480244788502797,-0.1969,0.0556,0.3193,-0.5169,0.5396,150.3048,93.4335
2024,1,SE,-0.6629767945313897,-0.6724696593674646,0.15917298059135324,-0.1793,0.0013,0.0107,-0.2917,0.5435,184.5516,91.8665
2024,1,NO2,2.2472989035085678,-0.6648822857074485,0.7891866649374891,-0.25,0.0,0.0003,-0.149,0.5637,166.9439,98.0902
2024,1,CE,0.06864998179780546,-0.6251606209005026,-0.004119461793749203,0.4168,0.0001,0.0005,-0.2741,0.5959,157.2907,97.3943
2024,1,SO,0.9919692931725439,-0.5809334756580953,-0.026700110734331577,0.0968,2.5315,11.8512,-0.2973,0.4093,169.209,80.8427
2024,1,SO2,0.6242767396988391,-0.579842353425964,-0.05880182180508954,0.2205,0.0,0.0,-0.1468,0.5316,217.5566,65.2029
2024,11,NE,-0.2673918945266504,-0.5612306536369855,-0.1508888049933941,0.1542,0.0009,0.0133,-0.2703,0.6721,141.8937,91.5868
2024,11,NTE,0.45970547207493195,-0.5527795304304648,-0.10946633352281145,-0.2491,0.0,0.0,-0.6259,0.6398,165.7123,109.0268
2024,1,SUR,-0.5309476282241541,-0.5386577902205029,-0.18505839269285299,-0.3409,0.0,0.0,0.1711,0.5823,201.7258,88.7521
2024,11,NTE2,0.03693807917734043,-0.485941045955139,-0.1823148045610996,-0.0663,0.0014,0.0155,-0.4393,0.742,123.2708,98.3812
2024,11,NO,0.5749922000494433,-0.48494863974947455,-0.15768874453373088,-0.0842,0.0085,0.0709,-0.2288,0.4882,195.953,87.3683
2024,3,NE3,-0.5783856921550802,-0.47701806401650876,-0.2140022817288148,0.327,0.0515,0.4644,-0.1613,0.6718,127.2309,80.6322
2024,11,NO3,1.2693237154743031,-0.4454519862423176,-0.14943177768690855,0.2053,0.0,0.0,-0.3785,0.5265,92.3633,85.7212
2024,11,SE,-0.6629767945313897,-0.43746826470525396,-0.22769368835392773,-0.2481,0.0037,0.0199,-0.3661,0.5318,181.319,86.0814
2024,11,NO2,2.2472989035085678,-0.4316005703441796,-0.11947569426283294,0.1058,0.0001,0.0005,-0.3046,0.4117,157.1372,96.5533
2024,11,CE,0.06864998179780546,-0.40183156068438197,-0.20957490819418037,0.1413,0.0,0.0002,-0.3385,0.5289,155.6089,106.7004
2024,10,SE2,-1.6892496214918382,-0.39350216620541484,-0.2696680913936482,-0.0901,0.0,0.0,-0.0991,0.4551,168.5012,94.9982
2024,11,SO,0.9919692931725439,-0.370615049751595,-0.1881552884592581,-0.2636,0.5476,5.6366,-0.5203,0.3372,199.5257,97.2241
2024,11,SO2,0.6242767396988391,-0.36987150016840314,-0.1996680832146789,-0.0353,0.0009,0.0099,-0.3296,0.4139,243.2401,85.1882
2024,11,SUR,-0.5309476282241541,-0.3427884915358403,-0.2388887617262239,0.2225,0.0003,0.0023,0.0235,0.449,191.1942,78.48
2024,10,NE2,-0.4148990833044134,-0.3001085744370016,-0.2407938808970573,0.2538,0.0,0.0009,-0.0532,0.8811,247.9238,70.7323
2024,3,SE2,-1.6892496214918382,-0.2174669617976564,-0.2752759667451614,-0.1329,0.0,0.0,0.1241,0.4868,155.4696,79.3295
2024,3,NE2,-0.4148990833044134,-0.1391347058390789,-0.2533937040166577,0.2484,0.0002,0.0019,0.0098,0.6372,262.6499,68.6823
2024,10,NE,-0.2673918945266504,-0.12582562105512266,-0.2514924407109564,-0.1826,0.0047,0.0297,-0.2457,0.5897,130.6647,76.0652
2024,10,NTE,0.45970547207493195,-0.11672431161734186,-0.23924472311822212,-0.2195,0.0,0.0,-0.5795,0.7303,160.1402,110.2875
2024,4,NE3,-0.5783856921550802,-0.10593687745598634,-0.25797280675894074,0.4637,0.055,0.3607,0.155,0.8991,117.3591,78.7456
2024,10,NTE2,0.03693807917734043,-0.050522154760487756,-0.25055954822406723,-0.1181,0.0139,0.1129,-0.3534,0.5653,103.4533,83.34
2024,10,NO,0.5749922000494433,-0.04962271496796934,-0.24212228151036808,-0.1489,0.2017,1.373,-0.0742,0.6207,158.4396,96.0852
2024,10,NO3,1.2693237154743031,-0.01609410734613471,-0.23379704426976064,0.1105,0.0,0.0,-0.4119,0.5759,83.107,79.4273
2024,10,SE,-0.6629767945313897,-0.009895941698827137,-0.26299012407436245,-0.3578,0.0202,0.1388,-0.3093,0.5819,175.968,84.5854
2024,3,NE,-0.2673918945266504,-0.00851427127370622,-0.2571629846345683,0.1017,0.0,0.0001,0.0025,0.639,130.7186,60.7821
2024,10,NO2,2.2472989035085678,-0.005476278778981915,-0.22012361104790895,0.0413,0.0071,0.0455,-0.3004,0.4935,144.3153,103.3075
2024,3,NTE,0.45970547207493195,-0.002519826209544211,-0.24670238047136825,-0.4206,0.0,0.0,-0.2657,0.7869,141.4077,79.1376
2024,4,SUR,-0.5309476282241541,0.012784251165800101,-0.2617903416854527,-0.3086,0.0,0.0001,0.4772,0.8497,187.5188,85.0856
2024,10,CE,0.06864998179780546,0.015014255764713587,-0.2532535407534854,-0.0443,0.0,0.0002,-0.3214,0.5206,146.9006,100.0552
2024,10,SO,0.9919692931725439,0.03245153416757441,-0.24106324239896004,-0.3907,0.3744,4.6941,-0.4013,0.3311,171.9018,82.0313
2024,10,SO2,0.6242767396988391,0.03280760850542241,-0.2462371061283339,-0.274,0.0014,0.0101,-0.3304,0.4272,231.5263,84.0951
2024,3,NTE2,0.03693807917734043,0.03678014512903528,-0.2546321299915212,0.0255,0.0022,0.0111,0.0773,0.776,88.8995,78.2451
2024,3,NO,0.5749922000494433,0.037246462465713295,-0.24715633366716525,0.1572,0.0001,0.0011,0.1416,0.804,141.3065,107.4622
2024,10,SUR,-0.5309476282241541,0.04350928414206446,-0.2627512944801186,0.3445,0.0127,0.087,0.0765,0.4665,170.8847,60.3575
2024,3,NO3,1.2693237154743031,0.0526225439869082,-0.23845127314147033,0.8741,0.0,0.0,-0.131,0.666,70.5774,71.0401
2024,4,SO2,0.6242767396988391,0.0530522394712404,-0.2472763589775059,-0.0581,0.0,0.0002,0.0959,0.4945,222.5327,52.1084
2024,3,SUR,-0.5309476282241541,0.05393208553541382,-0.2630596595875368,-0.3256,0.0,0.0001,0.3554,0.6749,190.4986,77.806
2024,4,SO,0.9919692931725439,0.054028248455609135,-0.24231606091656702,0.1944,0.1951,3.3793,-0.2249,0.4097,140.5357,66.7303
2024,3,SE,-0.6629767945313897,0.05491782476922805,-0.26488489609915844,-0.0964,0.038,0.5181,0.0158,0.7093,134.0742,72.5344
2024,3,NO2,2.2472989035085678,0.05641429599029644,-0.22540256104571535,-0.0507,0.0,0.0003,-0.0946,0.5585,134.0524,78.9801
2024,3,SO2,0.6242767396988391,0.0606339187594166,-0.24765146232671598,0.3227,0.0,0.0002,0.0256,0.5287,191.3077,45.5434
2024,3,SO,0.9919692931725439,0.060730536359493256,-0.2426908928009733,0.2771,-0.0008,0.0201,-0.2236,0.4266,154.8554,78.2166
2024,3,CE,0.06864998179780546,0.06129516578493165,-0.25518147174300093,0.0021,0.0,0.0002,-0.0124,0.6357,112.778,94.2564
2024,4,SE2,-1.6892496214918382,0.08790832562542132,-0.2791159227726042,-0.0858,0.0,0.0,0.3337,0.6574,151.0508,77.6105
2024,4,CE,0.06864998179780546,0.0898281328115579,-0.25625853937460363,0.014,0.0,0.0004,0.1234,0.6342,99.1484,86.6394
2024,6,SUR,-0.5309476282241541,0.09940632995590269,-0.26431183850598544,0.0064,0.04,0.1775,0.7586,1.0196,185.3321,72.3954
2024,4,NO2,2.2472989035085678,0.115934488809013,-0.22973074203709548,-0.1392,0.0,0.0002,-0.0474,0.5733,118.3975,68.8592
2024,4,SE,-0.6629767945313897,0.12028803942439459,-0.26649537276789964,-0.1249,0.0031,0.0184,0.1425,0.6833,122.8887,64.2568
2024,4,NO3,1.2693237154743031,0.1258274264155266,-0.2425650213298004,0.5711,0.0,0.0,0.069,0.7342,64.8467,67.6577
2024,4,NE2,-0.4148990833044134,0.13038778488794855,-0.2636502700871911,0.0303,0.0023,0.0067,0.0982,0.769,250.8616,69.8853
2024,4,NO,0.5749922000494433,0.14727095649261968,-0.2520634765933538,0.5398,0.0018,0.0053,0.2725,0.7344,122.7437,90.5262
2024,4,NTE2,0.03693807917734043,0.1476912034340629,-0.25860677742206806,0.1457,0.0002,0.0011,0.0721,0.8788,84.4433,66.4928
2024,4,NTE,0.45970547207493195,0.1642935930896391,-0.2540839212769007,-0.3632,0.0,0.0,0.0161,0.8796,131.9007,69.1309
2024,4,NE,-0.2673918945266504,0.16487290200127439,-0.2627511165287822,0.1976,0.0,0.0001,0.228,0.7745,128.6985,59.6185
2024,6,SO2,0.6242767396988391,0.20332865103194808,-0.2535464242076733,-0.5095,0.0375,0.178,0.2177,0.5583,203.2055,55.3653
2024,6,SO,0.9919692931725439,0.20595542969218472,-0.24946182258196115,-0.5465,3.5412,13.917,-0.0118,0.4329,134.9822,58.8734
2024,7,NE3,-0.5783856921550802,0.29497601834509174,-0.2688930204586569,-0.6001,0.1512,1.9513,-0.1051,0.5841,91.0439,61.7495
2024,6,CE,0.06864998179780546,0.3071905556751387,-0.2624751046418983,-0.5627,0.0365,0.1528,0.3959,0.6958,107.8539,81.6225
2024,7,SUR,-0.5309476282241541,0.33008830998843647,-0.2689732009914444,0.1662,0.0085,0.0567,0.2417,0.5184,175.7997,74.0598
2024,5,SUR,-0.5309476282241541,0.3698328140232213,-0.2695747106274691,-0.1253,0.0,0.0001,0.7593,0.956,173.4891,68.7435
2024,6,NO2,2.2472989035085678,0.38969266207849607,-0.24359067262029618,-0.3903,0.0525,0.2858,0.1888,0.6315,117.4125,62.4925
2024,7,SO2,0.6242767396988391,0.40011978305569906,-0.25918430548073457,-0.9361,0.0023,0.0152,-0.0313,0.4281,216.0703,37.8804
2024,7,SO,0.9919692931725439,0.4018392583860961,-0.2557862918218095,-0.8022,-0.0783,0.9762,-0.194,0.3489,136.9178,57.8702
2024,6,SE,-0.6629767945313897,0.40457003850770423,-0.27129685796636427,-0.7301,0.6811,3.3837,0.3972,0.7154,132.1906,70.2493
2024,6,NO3,1.2693237154743031,0.42414122032976187,-0.2538249649441831,-0.5458,0.0,0.0,0.133,0.7606,70.91,64.2074
2024,7,CE,0.06864998179780546,0.46590811048143077,-0.26555949995977446,-0.5575,0.0038,0.0397,0.0762,0.5531,89.7657,70.1991
2024,8,NE3,-0.5783856921550802,0.4820202344935271,-0.27146943917803645,-0.0643,0.002,0.0146,-0.0087,0.589,82.3328,48.9484
2024,5,SO2,0.6242767396988391,0.482166585673919,-0.2609839127729653,-0.0329,0.001,0.0149,0.1951,0.4816,227.473,47.2122
2024,5,SO,0.9919692931725439,0.4849849295418476,-0.257842626957499,-0.0018,0.0032,0.0599,-0.0123,0.4463,129.6393,57.8237
2024,6,NO,0.5749922000494433,0.5105463665742074,-0.26196970467749625,-0.3293,0.0206,0.2538,0.4594,0.7376,129.8658,67.336
2024,6,NTE2,0.03693807917734043,0.5125102404645788,-0.26658236207583275,-0.224,0.0364,0.1701,0.2208,0.8114,106.6588,69.622
2024,7,NO2,2.2472989035085678,0.5144032225375613,-0.24784548684249016,-0.3538,0.0059,0.0651,-0.0506,0.4673,110.1824,57.8007
2024,7,SE,-0.6629767945313897,0.5227191635912539,-0.2726395752871818,-0.7024,0.0116,0.0673,0.031,0.572,123.0125,63.2574
2024,7,NO3,1.2693237154743031,0.5334313666044124,-0.25659511321494993,-0.5795,0.0,0.0,-0.0488,0.559,50.15,57.8469
2024,7,SE2,-1.6892496214918382,0.5559078838789554,-0.2813983226271812,-0.7955,0.0,0.0,0.2447,0.4579,122.8666,52.9991
2024,7,NO,0.5749922000494433,0.5770752227989825,-0.2631768619881524,-0.438,0.1138,1.0513,-0.0372,0.5069,195.1297,66.1768
2024,7,NTE2,0.03693807917734043,0.5779858518659424,-0.2675346138613308,-0.2025,0.0081,0.0673,-0.0233,0.5258,89.7899,56.0606
2024,5,CE,0.06864998179780546,0.5926894398460084,-0.26748224867845094,-0.2636,0.0006,0.0027,0.414,0.6734,91.1127,68.9333
2024,7,NE2,-0.4148990833044134,0.6058970780245949,-0.27148051293415676,-0.1159,0.002,0.0064,0.1058,0.6613,262.1388,56.6816
2024,7,NTE,0.45970547207493195,0.6209599058543384,-0.26480722543190327,-0.6288,0.0,0.0,-0.0366,0.7142,126.924,68.4446
2024,7,NE,-0.2673918945266504,0.6240091598623637,-0.2705189564738722,-0.8657,0.0079,0.0882,0.201,0.585,128.4792,51.316
2024,6,NTE,0.45970547207493195,0.6243288275646761,-0.2648590072153239,-0.7141,0.0,0.0,0.2781,1.0324,134.2347,64.8214
2024,6,NE3,-0.5783856921550802,0.631224521892308,-0.273008410937659,-0.4777,0.5075,2.5007,0.255,0.7528,115.0935,79.9526
2024,6,NE,-0.2673918945266504,0.6358111853081022,-0.27064862417477964,-0.8477,0.0179,0.0919,0.5148,0.8408,140.5084,57.3902
2024,8,SUR,-0.5309476282241541,0.6763161775638801,-0.27305258347279454,0.2026,0.0021,0.0358,0.3037,0.5414,172.9282,67.0849
2024,5,NO2,2.2472989035085678,0.6789193603629622,-0.25228739852804416,-0.2924,0.0002,0.0007,0.1689,0.5676,105.6469,44.9116
2024,5,SE,-0.6629767945313897,0.6942907446085496,-0.2741864111852506,-0.3886,0.2696,2.1142,0.4424,0.6605,118.3032,54.6799
2024,5,NO3,1.2693237154743031,0.7144173302787719,-0.26024599095455697,0.1161,0.0,0.0,0.0596,0.7005,53.7831,46.2937
2024,6,NE2,-0.4148990833044134,0.7515828800280642,-0.2728581284297855,-0.5647,0.0007,0.0039,-0.2937,0.738,256.3546,73.7847
2024,8,SO2,0.6242767396988391,0.7566720364516903,-0.2655386229837257,-0.7356,0.0004,0.0058,0.0633,0.3946,218.3646,34.7799
2024,8,SO,0.9919692931725439,0.7586251754975404,-0.2629632483299992,-0.5065,0.1027,1.8085,-0.0746,0.3295,125.4381,44.7253
2024,6,SE2,-1.6892496214918382,0.7588034872491194,-0.28193507301054255,-0.6246,0.0,0.0,0.4223,0.6306,150.7884,75.9398
2024,5,NE3,-0.5783856921550802,0.7812456983142089,-0.27424478379856976,0.2662,0.1717,2.1787,0.2454,0.7651,106.9733,57.6589
2024,5,NO,0.5749922000494433,0.8017585501662313,-0.26646705443767554,-0.0728,0.0014,0.0046,0.3861,0.7282,99.388,69.6892
2024,5,NTE2,0.03693807917734043,0.803709913735887,-0.27018485413821985,0.0126,0.0095,0.1507,0.171,0.7397,87.1724,49.8885
2024,8,CE,0.06864998179780546,0.830514445563866,-0.2702339982778689,-0.2792,0.0005,0.0065,0.2036,0.5365,94.8787,69.099
2024,8,SE2,-1.6892496214918382,0.849895685427902,-0.2821305619519167,-0.6928,0.0007,0.0062,0.272,0.4489,127.5432,49.7352
2024,8,NO2,2.2472989035085678,0.8833794872094879,-0.2565273934431677,-0.3146,0.0,0.0004,0.0943,0.4729,101.3692,44.1832
2024,8,SE,-0.6629767945313897,0.8922522708894634,-0.27555888873501333,-0.6972,0.0016,0.0209,0.1361,0.5666,127.0325,61.4085
2024,8,NO3,1.2693237154743031,0.9035744685820387,-0.263185015061409,-0.3701,0.0,0.0,0.1692,0.5491,49.0177,38.9386
2024,5,NTE,0.45970547207493195,0.9111296259603021,-0.2684769724532436,-0.6231,0.0,0.0,0.2626,0.8599,134.7304,49.1666
2024,5,NE,-0.2673918945266504,0.9215938449664173,-0.27321491649547097,-0.1995,0.0001,0.0003,0.3495,0.659,134.7886,36.7099
2024,8,NE2,-0.4148990833044134,0.928723833162323,-0.2742026870767943,0.3887,0.0003,0.0025,0.7197,1.5412,281.5995,36.896
2024,8,NO,0.5749922000494433,0.9479449507196869,-0.26812816422129343,-0.3489,0.0028,0.0321,0.2151,0.6081,139.1716,68.038
2024,8,NTE2,0.03693807917734043,0.9488282697482757,-0.2715072051378524,-0.1902,0.0005,0.0053,0.0877,0.5557,101.3707,55.6216
2024,8,NTE,0.45970547207493195,0.9854653637435917,-0.2692146702016401,-0.3838,0.0,0.0,0.1614,0.6773,126.6463,48.3995
2024,8,NE,-0.2673918945266504,0.9871291529116535,-0.27368140839949784,-0.5005,0.0001,0.0017,0.3271,0.5916,135.5147,39.3578
2024,5,SE2,-1.6892496214918382,0.9918253576844819,-0.28239338258284463,-0.4244,0.0,0.0,0.4378,0.6324,126.9856,46.6913
2024,5,NE2,-0.4148990833044134,1.0068060589294103,-0.2747071186739471,-0.3969,0.0025,0.0071,0.2807,0.6694,271.4158,48.2682
2025,6,SE3,-1.5886657919031368,-2.2335176629505225,-0.2774874902836442,0.6728,0.0,0.0002,0.832,0.5708,110.0604,41.4292
2025,4,SE3,-1.5886657919031368,-1.1921466116701882,-0.26075129413042314,2.399,0.0,0.0006,0.6525,0.6813,127.15,80.6234
2025,1,NE3,-0.5783856921550802,-1.1683664931810487,-0.2140110393987495,-1.6746,0.0225,0.0975,-0.6346,0.54,215.7425,90.6954
2025,1,SE2,-1.6892496214918382,-1.12015422475607,-0.2615293872516039,0.5807,0.0,0.0,-0.0289,0.4511,214.2394,88.933
2025,5,SE3,-1.5886657919031368,-1.0896165798816717,-0.25417134867952934,0.7402,0.0001,0.0011,0.2893,0.6518,141.4098,92.8661
2025,1,NE2,-0.4148990833044134,-1.0868084089449204,-0.18974864776398032,0.616,0.0002,0.0021,-0.1438,0.6309,221.4254,88.3473
2025,3,SE3,-1.5886657919031368,-1.0478788524826566,-0.2503576786253315,0.2771,0.0002,0.0018,0.2101,0.6047,158.7433,102.3066
2025,1,NE,-0.2673918945266504,-0.9885635223209603,-0.14547666658714598,0.5182,0.0011,0.0052,-0.3027,0.6203,151.1825,108.1123
2025,1,NTE,0.45970547207493195,-0.9815188612163016,-0.08684253155419497,-0.049,0.0,0.0,-0.7697,0.5705,171.7108,113.9298
2025,1,NTE2,0.03693807917734043,-0.9203135387705513,-0.07099142724912395,0.1359,0.0012,0.0055,-0.3714,0.6793,111.0525,97.5738
2025,1,NO,0.5749922000494433,-0.9193254206535975,-0.017305980025510127,-0.1228,0.0217,0.1682,-0.1882,0.6069,181.7235,99.6396
2025,1,NO3,1.2693237154743031,-0.877844461906898,0.13246846013952082,0.298,0.0,0.0,-0.4335,0.5211,109.8734,93.2413
2025,1,SE,-0.6629767945313897,-0.8689093345912722,-0.09270493898679583,0.2079,0.0067,0.0298,-0.3487,0.5359,181.303,91.0206
2025,2,NE3,-0.5783856921550802,-0.8681908148980855,-0.0809260082108522,-0.2192,0.0166,0.0593,-0.6308,0.4837,180.8705,85.1243
2025,1,NO2,2.2472989035085678,-0.86221344370087,0.30576208993117804,0.4032,0.0027,0.0214,-0.2257,0.4424,148.2422,98.2588
2025,3,NE3,-0.5783856921550802,-0.8493737110355816,-0.053832143662474276,-0.5312,0.0059,0.0327,-0.427,0.6638,185.2519,89.0056
2025,2,SE2,-1.6892496214918382,-0.8350028504938153,-0.20844036281040684,1.3479,0.0,0.0,-0.0993,0.4036,175.3022,93.3761
2025,1,CE,0.06864998179780546,-0.8264069848588083,0.10369802619630873,0.5825,0.0016,0.027,-0.2771,0.5875,136.5804,100.2556
2025,2,NE2,-0.4148990833044134,-0.8178895543778915,0.04285934729553269,0.5394,0.002,0.0062,-0.1532,0.5387,228.2911,82.1415
2025,1,SE3,-1.5886657919031368,-0.7882886167987879,-0.1382253513685721,0.2416,0.0015,0.0079,0.0146,0.4477,200.6954,94.5837
2025,1,SO,0.9919692931725439,-0.7850118546260288,0.5582654579623926,15.3677,705.2607,3.9349,0.1244,0.556,6.0447,4.0281
2025,1,SO2,0.6242767396988391,-0.7839695496155294,0.4700639900738346,0.9708,0.001,0.0056,-0.1807,0.497,228.6105,81.8563
2025,2,SE3,-1.5886657919031368,-0.7789104955496557,-0.1189273538613084,0.9503,0.0004,0.0024,0.0172,0.4821,163.6459,103.3566
2025,2,NE,-0.2673918945266504,-0.7732517774612185,0.3119591444554622,1.4843,0.0004,0.0035,-0.2597,0.6384,142.9163,91.3265
2025,2,NTE,0.45970547207493195,-0.7702456560514818,0.5807679792967385,1.3704,0.0,0.0,-0.5822,0.5754,162.584,100.4608
2025,2,NTE2,0.03693807917734043,-0.7448657037813738,0.9337908138749516,0.2303,0.0005,0.0037,-0.3687,0.6431,108.1375,96.1779
2025,2,NO,0.5749922000494433,-0.7444656687229466,1.2485280138004649,1.2905,0.0011,0.0047,-0.0893,0.5885,171.4283,101.781
2025,1,SUR,-0.5309476282241541,-0.743849852691272,0.6441442306306759,0.4562,0.0011,0.0057,0.0311,0.5243,205.2958,86.0749
2025,2,NO3,1.2693237154743031,-0.7279147293829387,3.192777936577,2.2044,0.0,0.0,-0.2973,0.5267,97.6821,87.4604
2025,2,SE,-0.6629767945313897,-0.7244083001283841,1.548066802160215,0.5062,0.0007,0.0073,-0.1498,0.5426,157.9854,88.905
2025,2,NO2,2.2472989035085678,-0.7217935256169226,6.091365751623932,0.7533,0.0002,0.0018,-0.1574,0.4947,153.6695,94.2005
2025,3,SE2,-1.6892496214918382,-0.7151206581759495,0.9922082623163591,0.2924,0.0007,0.0062,0.0705,0.5053,169.4089,91.6302
2025,2,CE,0.06864998179780546,-0.7079911421572268,9.503136137864518,1.5803,0.0,0.0004,-0.2978,0.5511,155.811,114.2203
2025,2,SO,0.9919692931725439,-0.6923928064110595,1.8875604475567132,10.3962,528.3796,287.3042,0.501,0.5725,35.9507,50.0745
2025,2,SO2,0.6242767396988391,-0.6920048062466662,1.585996965164126,2.0413,0.0005,0.0038,-0.167,0.4438,241.563,72.6995
2025,2,SUR,-0.5309476282241541,-0.6772423545942858,0.27473903206243533,0.9235,0.0002,0.0015,0.0196,0.6683,203.4094,85.1645
2025,3,NE2,-0.4148990833044134,-0.6648601886151607,0.14018643117914997,0.3977,0.0,0.0009,0.0082,0.7442,241.7581,76.3196
2025,3,NE,-0.2673918945266504,-0.5589464441473019,-0.15295592071154474,0.5229,0.0003,0.0022,-0.0107,0.7503,132.5328,79.9452
2025,3,NTE,0.45970547207493195,-0.5527712472078654,-0.10947574840766787,0.007,0.0,0.0001,-0.2151,0.7987,148.4308,86.3346
2025,3,NTE2,0.03693807917734043,-0.5045002520894483,-0.1728991076602299,0.137,0.0004,0.0039,-0.1617,0.7619,102.0749,80.9874
2025,3,NO,0.5749922000494433,-0.5037917361035356,-0.1458837841322726,-0.2532,0.0027,0.0172,0.0879,0.7754,150.3646,99.354
2025,3,NO3,1.2693237154743031,-0.4758163693363535,-0.131623971138868,1.7712,0.0,0.0,-0.1887,0.7503,96.8065,90.257
2025,3,SE,-0.6629767945313897,-0.47021841187769053,-0.21974415768790367,0.0923,0.0022,0.0286,-0.022,0.586,158.4856,78.9197
2025,3,NO2,2.2472989035085678,-0.46611748305413425,-0.09576157306627266,0.3951,0.0025,0.0398,0.0199,0.5928,151.8572,94.0367
2025,3,CE,0.06864998179780546,-0.4455017090742904,-0.19695429484471366,0.5718,0.0002,0.0011,-0.0461,0.6813,138.8644,105.2069
2025,3,SO,0.9919692931725439,-0.4242812635941134,-0.16974862719264533,8.0909,700.4104,3.6643,1.433,0.4451,9.4555,4.6077
2025,3,SO2,0.6242767396988391,-0.423781632644908,-0.1833983039720684,0.6672,0.0001,0.0007,-0.0578,0.489,225.0161,75.7841
2025,5,NE3,-0.5783856921550802,-0.4214687303301001,-0.22784687339049337,-1.3285,0.0628,0.4923,-0.2773,0.7064,146.0872,77.2768
2025,3,SUR,-0.5309476282241541,-0.4058058660352298,-0.22919756758231397,1.0346,0.0006,0.0012,0.2445,0.7489,190.4285,72.5807
2025,5,SE2,-1.6892496214918382,-0.287779398785951,-0.2736003316402065,0.3546,0.0,0.0,0.1232,0.4611,148.6801,83.46
2025,5,SUR,-0.5309476282241541,-0.2562186976825943,-0.24778852385314826,0.5191,0.0014,0.0088,0.2609,0.6368,192.6871,79.7006
2025,5,NE2,-0.4148990833044134,-0.25367420783215455,-0.24534582447215755,-0.1234,0.0,0.0,0.0889,0.6363,255.7548,70.3088
2025,5,SO2,0.6242767396988391,-0.2390291978184631,-0.22358104482447938,0.286,0.0007,0.004,0.0131,0.4586,214.129,62.4218
2025,5,SO,0.9919692931725439,-0.2386273135452134,-0.2154981217498356,9.9879,701.4419,2.7427,1.8708,0.5304,8.9715,4.0286
2025,5,CE,0.06864998179780546,-0.22455398037014054,-0.23736631553675308,-0.4642,0.0,0.0,0.0605,0.62,113.371,94.3368
2025,5,NO2,2.2472989035085678,-0.21547748760524624,-0.19231235399422594,0.467,0.0023,0.0223,-0.0083,0.4768,128.821,79.6046
2025,5,SE,-0.6629767945313897,-0.21411684393747515,-0.2537641004588731,-0.0376,0.0029,0.0161,0.0627,0.6398,145.2261,81.6224
2025,5,NO3,1.2693237154743031,-0.21247325940354744,-0.21337252746796714,1.172,0.0,0.0,-0.0117,0.6292,68.8048,72.8158
2025,5,NE,-0.2673918945266504,-0.21096434535135541,-0.24569891817136455,-0.4779,0.0028,0.0226,0.119,0.6432,135.0687,66.6487
2025,5,NTE,0.45970547207493195,-0.20984652648625648,-0.23063011349910664,0.1172,0.0003,0.0004,0.0608,0.7168,134.6358,79.1515
2025,5,NO,0.5749922000494433,-0.20756553000107789,-0.22848706925975307,-0.1288,0.0003,0.0026,0.1338,0.6679,130.3149,105.1704
2025,5,NTE2,0.03693807917734043,-0.20750632513138145,-0.2396580409242275,-0.0849,0.0015,0.0087,-0.028,0.7085,100.5415,68.1103
2025,4,SUR,-0.5309476282241541,0.07852472347152915,-0.26375483381116066,0.6298,0.0,0.0006,0.4349,0.8041,188.7688,84.4939
2025,4,SO2,0.6242767396988391,0.17123960615734565,-0.2523876390039715,0.6115,0.0,0.0,0.1222,0.4622,223.8433,42.9613
2025,4,SO,0.9919692931725439,0.17357631630061943,-0.2481455479319881,10.7016,702.8623,0.2358,1.3009,0.0705,11.457,3.5333
2025,4,CE,0.06864998179780546,0.26333778194887236,-0.2614450778509963,0.3746,0.0,0.0,0.3051,0.6781,91.5333,84.7269
2025,4,NO2,2.2472989035085678,0.3359914191380045,-0.24144525046110724,0.4243,0.0,0.0004,0.1161,0.546,116.5498,70.1812
2025,4,SE,-0.6629767945313897,0.34903538855683713,-0.270561972701612,0.0357,0.0001,0.0018,0.3457,0.6452,113.5433,59.0356
2025,4,NO3,1.2693237154743031,0.36616426826953025,-0.2521264888215704,2.0073,0.0,0.0,0.0668,0.625,59.105,61.2145
2025,4,NO,0.5749922000494433,0.44129807897767176,-0.2605646903903286,0.3617,0.0068,0.1155,0.4293,0.8414,113.2178,95.4561
2025,4,NTE2,0.03693807917734043,0.4429948773052123,-0.26545272828339694,0.1241,0.0002,0.0014,0.1728,0.8053,92.9763,51.8246
2025,4,NE3,-0.5783856921550802,0.5002908276364089,-0.2716783222719565,-0.9537,0.0015,0.0135,0.1091,0.8852,155.0149,75.7215
2025,4,NTE,0.45970547207493195,0.5384181900593598,-0.2634510383345018,2.5927,0.0004,0.0045,0.3968,0.8629,137.4255,67.3116
2025,4,NE,-0.2673918945266504,0.548034335851438,-0.26962586868138655,1.1017,0.0002,0.0011,0.434,0.7639,129.9081,51.9378
2025,4,SE2,-1.6892496214918382,0.6375422715979103,-0.2816337528282573,1.6187,0.0,0.0,0.4808,0.6069,134.8812,72.5043
2025,4,NE2,-0.4148990833044134,0.6384467718600264,-0.2718141782459807,0.5653,0.0001,0.0013,0.4051,0.7389,270.1829,52.0339
2025,6,NE3,-0.5783856921550802,1.1968744059602443,-0.27665267227446677,-0.0007,0.0711,1.0631,0.3344,0.6564,121.6108,32.2103
2025,6,SUR,-0.5309476282241541,1.2871747532546403,-0.276796410273392,0.256,0.0013,0.0091,0.664,0.8892,180.5688,56.572
2025,6,SO2,0.6242767396988391,1.4197906688360782,-0.2716916833644561,-0.1714,0.0016,0.0271,0.302,0.448,203.8852,27.5058
2025,6,SO,0.9919692931725439,1.4230437074173812,-0.26992211713606135,8.3821,580.2317,253.0972,1.5874,0.7771,31.377,41.9844
2025,6,CE,0.06864998179780546,1.5441172217650245,-0.2750017403625478,-0.5739,0.0,0.0003,0.5035,0.6363,76.1379,36.5711
2025,6,NO2,2.2472989035085678,1.635520851416273,-0.2657566788900249,0.3985,0.0044,0.0705,0.3148,0.4847,97.509,25.1382
2025,6,SE,-0.6629767945313897,1.6511649816002323,-0.2786858806524416,-0.1839,0.0018,0.0139,0.5873,0.5558,110.3103,36.3039
2025,6,NO3,1.2693237154743031,1.671300423404702,-0.27031513228095483,0.2175,0.0,0.0,0.4456,0.6055,47.5938,30.0629
2025,6,SE2,-1.6892496214918382,1.7015774352227355,-0.28324302478343627,0.3329,0.0004,0.0045,0.5712,0.5212,124.5764,37.594
2025,6,NO,0.5749922000494433,1.7530647295882273,-0.2737396129372548,-0.5951,0.0002,0.002,0.6035,0.7384,73.9056,54.4996
2025,6,NTE2,0.03693807917734043,1.7547641757574297,-0.2760144312998264,-0.5476,0.0032,0.0475,0.4062,0.6579,99.4905,28.1507
2025,6,NE2,-0.4148990833044134,1.7995592131721092,-0.27804954210885774,0.4123,0.0003,0.0026,0.549,0.5697,286.905,28.6215
2025,6,NTE,0.45970547207493195,1.8341833385982103,-0.27457837961112047,-0.8573,0.0,0.0001,0.8802,0.7987,128.0096,24.0128
2025,6,NE,-0.2673918945266504,1.839673901868713,-0.27756263075674037,-0.0648,0.0012,0.018,0.732,0.6025,139.052,24.8318
